wdt_levels	wdt_fit
30	0.05000048284137
30.0058	0.0500005065749672
30.0116	0.0500005314290754
30.0174	0.0500005574542593
30.0232	0.0500005847032506
30.029	0.050000613231036
30.0348	0.0500006430949474
30.0406	0.0500006743547566
30.0464	0.0500007070727726
30.0522	0.0500007413139429
30.058	0.0500007771459589
30.0638	0.0500008146393645
30.0696	0.0500008538676691
30.0754	0.050000894907465
30.0812	0.0500009378385484
30.087	0.0500009827440454
30.0928	0.0500010297105424
30.0986	0.0500010788282212
30.1044	0.050001130190999
30.1102	0.0500011838966735
30.116	0.0500012400470729
30.1218	0.0500012987482119
30.1276	0.0500013601104525
30.1334	0.0500014242486711
30.1392	0.0500014912824312
30.145	0.0500015613361624
30.1508	0.0500016345393453
30.1566	0.0500017110267037
30.1624	0.0500017909384023
30.1682	0.0500018744202525
30.174	0.0500019616239243
30.1798	0.0500020527071665
30.1856	0.0500021478340336
30.1914	0.0500022471751211
30.1972	0.0500023509078084
30.203	0.0500024592165103
30.2088	0.0500025722929371
30.2146	0.0500026903363628
30.2204	0.0500028135539035
30.2262	0.0500029421608038
30.232	0.0500030763807342
30.2378	0.0500032164460968
30.2436	0.0500033625983429
30.2494	0.0500035150882998
30.2552	0.0500036741765086
30.261	0.0500038401335737
30.2668	0.0500040132405229
30.2726	0.05000419378918
30.2784	0.0500043820825489
30.2842	0.0500045784352102
30.29	0.0500047831737311
30.2958	0.0500049966370876
30.3016	0.0500052191771009
30.3074	0.0500054511588874
30.3132	0.0500056929613228
30.319	0.0500059449775211
30.3248	0.0500062076153286
30.3306	0.0500064812978332
30.3364	0.05000676646389
30.3422	0.0500070635686626
30.348	0.0500073730841815
30.3538	0.0500076954999199
30.3596	0.0500080313233866
30.3654	0.0500083810807375
30.3712	0.0500087453174056
30.377	0.0500091245987496
30.3828	0.0500095195107228
30.3886	0.0500099306605614
30.3944	0.0500103586774941
30.4002	0.0500108042134717
30.406	0.0500112679439198
30.4118	0.0500117505685122
30.4176	0.050012252811968
30.4234	0.0500127754248717
30.4292	0.050013319184517
30.435	0.0500138848957755
30.4408	0.0500144733919897
30.4466	0.0500150855358922
30.4524	0.0500157222205512
30.4582	0.0500163843703425
30.464	0.050017072941949
30.4698	0.0500177889253891
30.4756	0.0500185333450727
30.4814	0.0500193072608875
30.4872	0.0500201117693155
30.493	0.0500209480045797
30.4988	0.050021817139823
30.5046	0.0500227203883186
30.5104	0.0500236590047143
30.5162	0.0500246342863094
30.522	0.0500256475743668
30.5278	0.05002670025546
30.5336	0.0500277937628558
30.5394	0.0500289295779338
30.5452	0.0500301092316437
30.551	0.050031334306
30.5568	0.0500326064356166
30.5626	0.0500339273092809
30.5684	0.0500352986715678
30.5742	0.0500367223244967
30.58	0.0500382001292293
30.5858	0.0500397340078111
30.5916	0.0500413259449571
30.5974	0.0500429779898822
30.6032	0.0500446922581764
30.609	0.0500464709337285
30.6148	0.0500483162706946
30.6206	0.0500502305955175
30.6264	0.0500522163089935
30.6322	0.05005427588839
30.638	0.0500564118896139
30.6438	0.0500586269494323
30.6496	0.0500609237877452
30.6554	0.0500633052099127
30.6612	0.0500657741091367
30.667	0.0500683334688976
30.6728	0.0500709863654483
30.6786	0.0500737359703652
30.6844	0.0500765855531576
30.6902	0.0500795384839365
30.696	0.0500825982361434
30.7018	0.0500857683893409
30.7076	0.0500890526320649
30.7134	0.0500924547647397
30.7192	0.050095978702658
30.725	0.0500996284790247
30.7308	0.0501034082480676
30.7366	0.0501073222882142
30.7424	0.050111375005337
30.7482	0.0501155709360664
30.754	0.0501199147511744
30.7598	0.0501244112590281
30.7656	0.0501290654091148
30.7714	0.0501338822956394
30.7772	0.0501388671611952
30.783	0.0501440254005087
30.7888	0.0501493625642593
30.7946	0.0501548843629754
30.8004	0.0501605966710062
30.8062	0.0501665055305721
30.812	0.0501726171558932
30.8178	0.0501789379373966
30.8236	0.050185474446004
30.8294	0.0501922334375005
30.8352	0.0501992218569843
30.841	0.0502064468433992
30.8468	0.0502139157341497
30.8526	0.0502216360698002
30.8584	0.0502296155988591
30.8642	0.0502378622826463
30.87	0.0502463843002489
30.8758	0.0502551900535611
30.8816	0.0502642881724121
30.8874	0.0502736875197815
30.8932	0.0502833971971022
30.899	0.0502934265496526
30.9048	0.0503037851720368
30.9106	0.0503144829137554
30.9164	0.0503255298848648
30.9222	0.0503369364617282
30.928	0.0503487132928556
30.9338	0.0503608713048356
30.9396	0.0503734217083581
30.9454	0.0503863760043279
30.9512	0.05039974599007
30.957	0.0504135437656261
30.9628	0.0504277817401434
30.9686	0.0504424726383541
30.9744	0.0504576295071472
30.9802	0.0504732657222314
30.986	0.0504893949948896
30.9918	0.0505060313788244
30.9976	0.0505231892770948
31.0034	0.0505408834491432
31.0092	0.0505591290179131
31.015	0.0505779414770562
31.0208	0.0505973366982296
31.0266	0.0506173309384807
31.0324	0.0506379408477218
31.0382	0.0506591834762909
31.044	0.0506810762826
31.0498	0.0507036371408696
31.0556	0.0507268843489477
31.0614	0.0507508366362132
31.0672	0.0507755131715627
31.073	0.0508009335714786
31.0788	0.0508271179081788
31.0846	0.0508540867178454
31.0904	0.0508818610089316
31.0962	0.0509104622705455
31.102	0.050939912480909
31.1078	0.0509702341158902
31.1136	0.051001450157608
31.1194	0.0510335841031063
31.1252	0.051066659973097
31.131	0.0511007023207685
31.1368	0.0511357362406594
31.1426	0.0511717873775931
31.1484	0.0512088819356729
31.1542	0.0512470466873343
31.16	0.0512863089824523
31.1658	0.0513266967575006
31.1716	0.0513682385447612
31.1774	0.0514109634815805
31.1832	0.0514549013196699
31.189	0.0515000824344468
31.1948	0.0515465378344141
31.2006	0.0515942991705747
31.2064	0.051643398745877
31.2122	0.0516938695246888
31.218	0.0517457451422959
31.2238	0.0517990599144213
31.2296	0.0518538488467618
31.2354	0.0519101476445382
31.2412	0.0519679927220541
31.247	0.0520274212122608
31.2528	0.0520884709763229
31.2586	0.0521511806131802
31.2644	0.0522155894691031
31.2702	0.052281737647234
31.276	0.0523496660171137
31.2818	0.0524194162241844
31.2876	0.0524910306992668
31.2934	0.052564552668006
31.2992	0.0526400261602793
31.305	0.0527174960195635
31.3108	0.0527970079122532
31.3166	0.0528786083369275
31.3224	0.052962344633557
31.3282	0.0530482649926474
31.334	0.0531364184643126
31.3398	0.0532268549672714
31.3456	0.0533196252977626
31.3514	0.0534147811383714
31.3572	0.0535123750667611
31.363	0.0536124605643043
31.3688	0.0537150920246056
31.3746	0.053820324761911
31.3804	0.0539282150193955
31.3862	0.054038819977324
31.392	0.0541521977610763
31.3978	0.0542684074490313
31.4036	0.0543875090803018
31.4094	0.054509563662313
31.4152	0.0546346331782181
31.421	0.0547627805941429
31.4268	0.0548940698662511
31.4326	0.0550285659476245
31.4384	0.0551663347949493
31.4442	0.0553074433750004
31.45	0.055451959670917
31.4558	0.0555999526882603
31.4616	0.055751492460846
31.4674	0.0559066500563438
31.4732	0.0560654975816347
31.479	0.0562281081879193
31.4848	0.0563945560755671
31.4906	0.0565649164987005
31.4964	0.0567392657695031
31.5022	0.0569176812622452
31.508	0.0571002414170182
31.5138	0.057287025743168
31.5196	0.0574781148224201
31.5254	0.057673590311687
31.5312	0.0578735349455509
31.537	0.0580780325384104
31.5428	0.0582871679862849
31.5486	0.0585010272682673
31.5544	0.0587196974476156
31.5602	0.0589432666724764
31.566	0.0591718241762293
31.5718	0.0594054602774466
31.5776	0.0596442663794566
31.5834	0.0598883349695036
31.5892	0.0601377596174963
31.595	0.0603926349743352
31.6008	0.0606530567698109
31.6066	0.0609191218100639
31.6124	0.0611909279745998
31.6182	0.0614685742128493
31.624	0.0617521605402655
31.6298	0.0620417880339514
31.6356	0.0623375588278064
31.6414	0.0626395761071886
31.6472	0.0629479441030795
31.653	0.0632627680857484
31.6588	0.063584154357905
31.6646	0.0639122102473338
31.6704	0.0642470440990041
31.6762	0.0645887652666462
31.682	0.0649374841037879
31.6878	0.0652933119542444
31.6936	0.0656563611420528
31.6994	0.0660267449608472
31.7052	0.0664045776626656
31.711	0.0667899744461832
31.7168	0.0671830514443665
31.7226	0.0675839257115392
31.7284	0.0679927152098584
31.7342	0.0684095387951924
31.74	0.0688345162023954
31.7458	0.0692677680299738
31.7516	0.0697094157241408
31.7574	0.0701595815622507
31.7632	0.070618388635613
31.769	0.0710859608316784
31.7748	0.0715624228155962
31.7806	0.0720479000111344
31.7864	0.0725425185809644
31.7922	0.0730464054063042
31.798	0.0735596880659177
31.8038	0.0740824948144667
31.8096	0.0746149545602171
31.8154	0.0751571968420904
31.8212	0.0757093518060662
31.827	0.07627155018093
31.8328	0.076843923253366
31.8386	0.0774266028423965
31.8444	0.0780197212731625
31.8502	0.0786234113500522
31.856	0.0792378063291722
31.8618	0.0798630398901654
31.8676	0.0804992461073765
31.8734	0.0811465594203632
31.8792	0.0818051146037597
31.885	0.0824750467364928
31.8908	0.0831564911703515
31.8966	0.0838495834979181
31.9024	0.0845544595198557
31.9082	0.0852712552115662
31.914	0.0860001066892158
31.9198	0.086741150175135
31.9256	0.0874945219626004
31.9314	0.0882603583799974
31.9372	0.0890387957543781
31.943	0.0898299703744152
31.9488	0.0906340184527594
31.9546	0.0914510760878117
31.9604	0.0922812792249093
31.9662	0.0931247636169445
31.972	0.0939816647844172
31.9778	0.0948521179749322
31.9836	0.095736258122152
31.9894	0.0966342198042148
31.9952	0.0975461372016242
32.001	0.0984721440546273
32.0068	0.0994123736200914
32.0126	0.100366958627883
32.0184	0.101336031236776
32.0242	0.102319722989885
32.03	0.103318164769653
32.0358	0.104331486752391
32.0416	0.105359818362399
32.0474	0.106403288225672
32.0532	0.107462024123207
32.059	0.10853615294393
32.0648	0.109625800637265
32.0706	0.110731092165334
32.0764	0.111852151454846
32.0822	0.112989101348651
32.088	0.11414206355701
32.0938	0.115311158608573
32.0996	0.116496505801101
32.1054	0.117698223151937
32.1112	0.118916427348257
32.117	0.12015123369712
32.1228	0.121402756075312
32.1286	0.122671106879047
32.1344	0.123956396973508
32.1402	0.125258735642268
32.146	0.126578230536609
32.1518	0.127914987624751
32.1576	0.129269111141033
32.1634	0.130640703535045
32.1692	0.132029865420747
32.175	0.133436695525599
32.1808	0.134861290639724
32.1866	0.136303745565109
32.1924	0.137764153064898
32.1982	0.139242603812787
32.204	0.14073918634253
32.2098	0.142253986997611
32.2156	0.143787089881078
32.2214	0.145338576805584
32.2272	0.146908527243646
32.233	0.148497018278154
32.2388	0.150104124553165
32.2446	0.151729918224977
32.2504	0.153374468913543
32.2562	0.155037843654235
32.262	0.156720106849982
32.2678	0.15842132022381
32.2736	0.160141542771813
32.2794	0.161880830716581
32.2852	0.163639237461104
32.291	0.165416813543189
32.2968	0.16721360659041
32.3026	0.169029661275611
32.3084	0.170865019273001
32.3142	0.172719719214864
32.32	0.1745937966489
32.3258	0.176487283996233
32.3316	0.178400210510109
32.3374	0.180332602235313
32.3432	0.182284481968322
32.349	0.184255869218229
32.3548	0.186246780168455
32.3606	0.188257227639295
32.3664	0.190287221051274
32.3722	0.192336766389404
32.378	0.194405866168318
32.3838	0.19649451939832
32.3896	0.198602721552379
32.3954	0.200730464534088
32.4012	0.202877736646607
32.407	0.205044522562619
32.4128	0.207230803295333
32.4186	0.209436556170512
32.4244	0.211661754799614
32.4302	0.213906369054012
32.436	0.216170365040349
32.4418	0.218453705077023
32.4476	0.22075634767185
32.4534	0.223078247500896
32.4592	0.225419355388522
32.465	0.227779618288649
32.4708	0.230158979267258
32.4766	0.232557377486167
32.4824	0.234974748188055
32.4882	0.237411022682804
32.494	0.239866128335142
32.4998	0.242339988553615
32.5056	0.244832522780893
32.5114	0.247343646485439
32.5172	0.249873271154547
32.523	0.252421304288757
32.5288	0.254987649397677
32.5346	0.257572205997195
32.5404	0.260174869608144
32.5462	0.262795531756348
32.552	0.265434079974156
32.5578	0.268090397803397
32.5636	0.270764364799804
32.5694	0.2734558565389
32.5752	0.276164744623364
32.581	0.278890896691866
32.5868	0.281634176429395
32.5926	0.284394443579086
32.5984	0.287171553955514
32.6042	0.289965359459513
32.61	0.292775708094485
32.6158	0.29560244398421
32.6216	0.298445407392158
32.6274	0.301304434742312
32.6332	0.30417935864148
32.639	0.307070007903121
32.6448	0.309976207572663
32.6506	0.312897778954315
32.6564	0.315834539639383
32.6622	0.318786303536048
32.668	0.321752880900649
32.6738	0.324734078370431
32.6796	0.32772969899776
32.6854	0.330739542285798
32.6912	0.333763404225631
32.697	0.336801077334833
32.7028	0.339852350697462
32.7086	0.342917010005475
32.7144	0.345994837601559
32.7202	0.349085612523329
32.726	0.352189110548934
32.7318	0.355305104244012
32.7376	0.358433363010002
32.7434	0.361573653133782
32.7492	0.364725737838631
32.755	0.367889377336482
32.7608	0.371064328881461
32.7666	0.374250346824678
32.7724	0.377447182670282
32.7782	0.380654585132691
32.784	0.383872300195067
32.7898	0.387100071168938
32.7956	0.390337638754985
32.8014	0.393584741104953
32.8072	0.396841113884669
32.813	0.400106490338136
32.8188	0.403380601352689
32.8246	0.406663175525169
32.8304	0.409953939229103
32.8362	0.413252616682866
32.842	0.416558930018763
32.8478	0.419872599353051
32.8536	0.423193342856842
32.8594	0.426520876827856
32.8652	0.429854915763011
32.871	0.433195172431798
32.8768	0.43654135795043
32.8826	0.439893181856714
32.8884	0.443250352185645
32.8942	0.446612575545628
32.9	0.449979557195373
32.9058	0.453351001121372
32.9116	0.456726610115947
32.9174	0.46010608585583
32.9232	0.463489128981239
32.929	0.466875439175424
32.9348	0.470264715244631
32.9406	0.473656655198465
32.9464	0.477050956330605
32.9522	0.480447315299859
32.958	0.48384542821146
32.9638	0.487244990698659
32.9696	0.490645698004496
32.9754	0.494047245063766
32.9812	0.497449326585111
32.987	0.500851637133219
32.9928	0.504253871211086
32.9986	0.507655723342306
33.0044	0.511056888153355
33.0102	0.514457060455817
33.016	0.517855935328556
33.0218	0.521253208199719
33.0276	0.524648574928633
33.0334	0.528041731887478
33.0392	0.53143237604274
33.045	0.534820205036397
33.0508	0.538204917266801
33.0566	0.541586211969221
33.0624	0.54496378929601
33.0682	0.54833735039638
33.074	0.551706597495691
33.0798	0.5550712339743
33.0856	0.558430964445875
33.0914	0.561785494835166
33.0972	0.565134532455183
33.103	0.568477786083766
33.1088	0.571814966039504
33.1146	0.575145784256958
33.1204	0.578469954361182
33.1262	0.581787191741484
33.132	0.585097213624429
33.1378	0.588399739145985
33.1436	0.591694489422877
33.1494	0.594981187623043
33.1552	0.598259559035188
33.161	0.601529331137418
33.1668	0.604790233664906
33.1726	0.608041998676573
33.1784	0.611284360620757
33.1842	0.614517056399836
33.19	0.617739825433802
33.1958	0.620952409722707
33.2016	0.624154553908025
33.2074	0.62734600533286
33.2132	0.630526514100993
33.219	0.633695833134732
33.2248	0.636853718231572
33.2306	0.639999928119604
33.2364	0.643134224511689
33.2422	0.646256372158349
33.248	0.649366138899394
33.2538	0.652463295714198
33.2596	0.655547616770692
33.2654	0.658618879472995
33.2712	0.661676864507693
33.277	0.664721355888742
33.2828	0.66775214100099
33.2886	0.670769010642293
33.2944	0.673771759064224
33.3002	0.676760184011353
33.306	0.679734086759093
33.3118	0.682693272150108
33.3176	0.685637548629247
33.3234	0.688566728277034
33.3292	0.691480626841676
33.335	0.694379063769602
33.3408	0.697261862234504
33.3466	0.700128849164905
33.3524	0.702979855270219
33.3582	0.705814715065321
33.364	0.708633266893628
33.3698	0.711435352948647
33.3756	0.714220819294055
33.3814	0.716989515882254
33.3872	0.71974129657143
33.393	0.722476019141117
33.3988	0.725193545306248
33.4046	0.727893740729721
33.4104	0.730576475033471
33.4162	0.73324162180805
33.422	0.735889058620723
33.4278	0.738518667022104
33.4336	0.741130332551291
33.4394	0.743723944739569
33.4452	0.746299397112643
33.451	0.748856587191429
33.4568	0.751395416491413
33.4626	0.753915790520576
33.4684	0.75641761877592
33.4742	0.758900814738574
33.48	0.761365295867527
33.4858	0.763810983591968
33.4916	0.766237803302289
33.4974	0.768645684339701
33.5032	0.771034559984549
33.509	0.773404367443301
33.5148	0.775755047834225
33.5206	0.778086546171793
33.5264	0.780398811349811
33.5322	0.782691796123299
33.538	0.784965457089141
33.5438	0.787219754665533
33.5496	0.789454653070206
33.5554	0.791670120297513
33.5612	0.793866128094341
33.567	0.796042651934896
33.5728	0.798199670994376
33.5786	0.800337168121554
33.5844	0.802455129810296
33.5902	0.80455354617003
33.596	0.806632410895193
33.6018	0.808691721233679
33.6076	0.810731477954321
33.6134	0.812751685313389
33.6192	0.8147523510202
33.625	0.816733486201793
33.6308	0.818695105366743
33.6366	0.820637226368103
33.6424	0.822559870365533
33.6482	0.824463061786612
33.654	0.82634682828737
33.6598	0.828211200712075
33.6656	0.830056213052288
33.6714	0.831881902405202
33.6772	0.83368830893132
33.683	0.835475475811482
33.6888	0.837243449203252
33.6946	0.838992278196722
33.7004	0.840722014769732
33.7062	0.842432713742552
33.712	0.844124432732035
33.7178	0.845797232105281
33.7236	0.847451174932839
33.7294	0.849086326941448
33.7352	0.850702756466379
33.741	0.852300534403384
33.7468	0.853879734160276
33.7526	0.855440431608175
33.7584	0.856982705032435
33.7642	0.858506635083294
33.77	0.860012304726256
33.7758	0.861499799192233
33.7816	0.862969205927482
33.7874	0.864420614543362
33.7932	0.865854116765903
33.799	0.86726980638527
33.8048	0.868667779205095
33.8106	0.87004813299172
33.8164	0.871410967423384
33.8222	0.872756384039362
33.828	0.874084486189082
33.8338	0.875395378981254
33.8396	0.876689169233026
33.8454	0.877965965419177
33.8512	0.879225877621394
33.857	0.880469017477642
33.8628	0.881695498131636
33.8686	0.882905434182464
33.8744	0.884098941634354
33.8802	0.885276137846625
33.886	0.886437141483826
33.8918	0.887582072466103
33.8976	0.888711051919787
33.9034	0.889824202128247
33.9092	0.890921646483008
33.915	0.892003509435164
33.9208	0.893069916447093
33.9266	0.894120993944504
33.9324	0.895156869268821
33.9382	0.896177670629922
33.944	0.897183527059263
33.9498	0.898174568363376
33.9556	0.899150925077787
33.9614	0.900112728421336
33.9672	0.901060110250951
33.973	0.901993203016846
33.9788	0.902912139718198
33.9846	0.903817053859285
33.9904	0.904708079406114
33.9962	0.90558535074355
34.002	0.906449002632943
34.0078	0.907299170170287
34.0136	0.9081359887449
34.0194	0.908959593998651
34.0252	0.909770121785733
34.031	0.910567708132996
34.0368	0.911352489200852
34.0426	0.912124601244753
34.0484	0.912884180577253
34.0542	0.913631363530664
34.06	0.914366286420313
34.0658	0.915089085508402
34.0716	0.915799896968475
34.0774	0.916498856850516
34.0832	0.917186101046657
34.089	0.91786176525752
34.0948	0.918525984959189
34.1006	0.919178895370823
34.1064	0.919820631422901
34.1122	0.920451327726121
34.118	0.921071118540932
34.1238	0.921680137747729
34.1296	0.922278518817687
34.1354	0.922866394784257
34.1412	0.923443898215305
34.147	0.924011161185919
34.1528	0.924568315251856
34.1586	0.92511549142366
34.1644	0.925652820141425
34.1702	0.926180431250216
34.176	0.926698453976144
34.1818	0.927207016903095
34.1876	0.92770624795011
34.1934	0.928196274349411
34.1992	0.928677222625085
34.205	0.929149218572397
34.2108	0.929612387237758
34.2166	0.930066852899333
34.2224	0.930512739048273
34.2282	0.930950168370594
34.234	0.931379262729673
34.2398	0.931800143149376
34.2456	0.932212929797802
34.2514	0.932617741971647
34.2572	0.933014698081172
34.263	0.933403915635782
34.2688	0.933785511230205
34.2746	0.934159600531262
34.2804	0.934526298265229
34.2862	0.934885718205783
34.292	0.935237973162523
34.2978	0.935583174970059
34.3036	0.935921434477673
34.3094	0.936252861539526
34.3152	0.936577565005432
34.321	0.936895652712156
34.3268	0.937207231475262
34.3326	0.937512407081487
34.3384	0.937811284281637
34.3442	0.938103966783994
34.35	0.938390557248232
34.3558	0.938671157279834
34.3616	0.938945867424997
34.3674	0.939214787166018
34.3732	0.939478014917161
34.379	0.939735648020985
34.3848	0.939987782745134
34.3906	0.940234514279573
34.3964	0.940475936734272
34.4022	0.94071214313732
34.408	0.940943225433462
34.4138	0.941169274483054
34.4196	0.94139038006143
34.4254	0.94160663085866
34.4312	0.941818114479707
34.437	0.942024917444961
34.4428	0.942227125191147
34.4486	0.942424822072599
34.4544	0.942618091362893
34.4602	0.942807015256816
34.466	0.942991674872691
34.4718	0.943172150255018
34.4776	0.943348520377442
34.4834	0.943520863146034
34.4892	0.943689255402879
34.495	0.943853772929952
34.5008	0.94401449045329
34.5066	0.944171481647437
34.5124	0.944324819140165
34.5182	0.94447457451745
34.524	0.944620818328708
34.5298	0.944763620092277
34.5356	0.944903048301128
34.5414	0.945039170428818
34.5472	0.945172052935654
34.553	0.945301761275073
34.5588	0.945428359900234
34.5646	0.945551912270793
34.5704	0.945672480859888
34.5762	0.945790127161285
34.582	0.945904911696717
34.5878	0.946016894023376
34.5936	0.946126132741574
34.5994	0.946232685502553
34.6052	0.94633660901644
34.611	0.946437959060343
34.6168	0.94653679048657
34.6226	0.946633157230988
34.6284	0.946727112321481
34.6342	0.946818707886534
34.64	0.946907995163911
34.6458	0.946995024509437
34.6516	0.947079845405873
34.6574	0.947162506471863
34.6632	0.947243055470982
34.669	0.947321539320834
34.6748	0.947398004102236
34.6806	0.947472495068452
34.6864	0.947545056654487
34.6922	0.947615732486428
34.698	0.947684565390839
34.7038	0.947751597404181
34.7096	0.947816869782277
34.7154	0.947880423009806
34.7212	0.947942296809811
34.727	0.948002530153242
34.7328	0.948061161268497
34.7386	0.948118227650989
34.7444	0.948173766072702
34.7502	0.948227812591765
34.756	0.948280402562008
34.7618	0.94833157064252
34.7676	0.948381350807192
34.7734	0.948429776354247
34.7792	0.948476879915747
34.785	0.948522693467081
34.7908	0.948567248336424
34.7966	0.948610575214169
34.8024	0.948652704162325
34.8082	0.948693664623873
34.814	0.948733485432093
34.8198	0.948772194819839
34.8256	0.948809820428774
34.8314	0.948846389318554
34.8372	0.948881927975959
34.843	0.94891646232398
34.8488	0.948950017730835
34.8546	0.948982619018938
34.8604	0.949014290473805
34.8662	0.949045055852893
34.872	0.949074938394373
34.8778	0.949103960825847
34.8836	0.949132145372979
34.8894	0.949159513768069
34.8952	0.949186087258548
34.901	0.949211886615396
34.9068	0.949236932141493
34.9126	0.949261243679882
34.9184	0.949284840621962
34.9242	0.949307741915595
34.93	0.949329966073133
34.9358	0.949351531179366
34.9416	0.949372454899379
34.9474	0.949392754486333
34.9532	0.949412446789155
34.959	0.949431548260142
34.9648	0.949450074962476
34.9706	0.949468042577662
34.9764	0.94948546641286
34.9822	0.949502361408143
34.988	0.949518742143655
34.9938	0.94953462284669
34.9996	0.949550017398665
35.0054	0.949564939342019
35.0112	0.949579401887008
35.017	0.949593417918415
35.0228	0.949607000002169
35.0286	0.949620160391869
35.0344	0.949632911035216
35.0402	0.949645263580362
35.046	0.949657229382154
35.0518	0.949668819508296
35.0576	0.949680044745417
35.0634	0.94969091560505
35.0692	0.949701442329516
35.075	0.949711634897718
35.0808	0.949721503030849
35.0866	0.949731056198004
35.0924	0.949740303621708
35.0982	0.949749254283352
35.104	0.949757916928538
35.1098	0.94976630007234
35.1156	0.949774412004474
35.1214	0.949782260794386
35.1272	0.949789854296242
35.133	0.949797200153848
35.1388	0.949804305805468
35.1446	0.949811178488573
35.1504	0.949817825244491
35.1562	0.949824252922984
35.162	0.949830468186742
35.1678	0.949836477515784
35.1736	0.949842287211796
35.1794	0.949847903402368
35.1852	0.949853332045171
35.191	0.949858578932041
35.1968	0.949863649692991
35.2026	0.949868549800144
35.2084	0.949873284571594
35.2142	0.949877859175185
35.22	0.949882278632218
35.2258	0.949886547821087
35.2316	0.949890671480842
35.2374	0.949894654214673
35.2432	0.949898500493331
35.249	0.949902214658478
35.2548	0.949905800925963
35.2606	0.949909263389035
35.2664	0.949912606021484
35.2722	0.949915832680721
35.278	0.949918947110789
35.2838	0.949921952945309
35.2896	0.949924853710364
35.2954	0.949927652827322
35.3012	0.949930353615594
35.307	0.94993295929533
35.3128	0.949935472990065
35.3186	0.949937897729293
35.3244	0.94994023645099
35.3302	0.949942492004082
35.336	0.949944667150851
35.3418	0.949946764569293
35.3476	0.949948786855412
35.3534	0.949950736525474
35.3592	0.949952616018194
35.365	0.949954427696886
35.3708	0.949956173851547
35.3766	0.949957856700909
35.3824	0.949959478394423
35.3882	0.949961041014216
35.394	0.949962546576979
35.3998	0.949963997035828
35.4056	0.949965394282108
35.4114	0.94996674014716
35.4172	0.949968036404034
35.423	0.949969284769172
35.4288	0.949970486904043
35.4346	0.949971644416734
35.4404	0.949972758863505
35.4462	0.949973831750307
35.452	0.949974864534253
35.4578	0.949975858625059
35.4636	0.949976815386444
35.4694	0.949977736137496
35.4752	0.949978622154001
35.481	0.949979474669736
35.4868	0.94998029487773
35.4926	0.949981083931493
35.4984	0.949981842946209
35.5042	0.949982572999899
35.51	0.949983275134551
35.5158	0.949983950357225
35.5216	0.94998459964112
35.5274	0.949985223926619
35.5332	0.949985824122302
35.539	0.949986401105929
35.5448	0.949986955725405
35.5506	0.949987488799704
35.5564	0.949988001119784
35.5622	0.949988493449458
35.568	0.949988966526259
35.5738	0.949989421062266
35.5796	0.949989857744917
35.5854	0.949990277237789
35.5912	0.949990680181366
35.597	0.949991067193776
35.6028	0.949991438871514
35.6086	0.949991795790138
35.6144	0.949992138504949
35.6202	0.94999246755165
35.626	0.949992783446984
35.6318	0.949993086689355
35.6376	0.949993377759432
35.6434	0.94999365712073
35.6492	0.94999392522018
35.655	0.949994182488676
35.6608	0.949994429341613
35.6666	0.949994666179397
35.6724	0.949994893387955
35.6782	0.949995111339215
35.684	0.94999532039158
35.6898	0.949995520890386
35.6956	0.949995713168343
35.7014	0.949995897545965
35.7072	0.949996074331987
35.713	0.949996243823767
35.7188	0.949996406307677
35.7246	0.949996562059481
35.7304	0.949996711344701
35.7362	0.949996854418972
35.742	0.949996991528386
35.7478	0.949997122909825
35.7536	0.949997248791279
35.7594	0.949997369392164
35.7652	0.949997484923618
35.771	0.949997595588796
35.7768	0.949997701583152
35.7826	0.949997803094711
35.7884	0.949997900304333
35.7942	0.949997993385971
35.8	0.949998082506915
35.8058	0.949998167828035
35.8116	0.949998249504009
35.8174	0.949998327683546
35.8232	0.949998402509605
35.829	0.949998474119601
35.8348	0.94999854264561
35.8406	0.949998608214559
35.8464	0.949998670948419
35.8522	0.949998730964385
35.858	0.949998788375054
35.8638	0.949998843288589
35.8696	0.949998895808889
35.8754	0.949998946035747
35.8812	0.949998994064998
35.887	0.949999039988673
35.8928	0.949999083895135
35.8986	0.949999125869223
35.9044	0.949999165992378
35.9102	0.949999204342779
35.916	0.94999924099546
35.9218	0.949999276022429
35.9276	0.949999309492791
35.9334	0.949999341472848
35.9392	0.949999372026215
35.945	0.949999401213919
35.9508	0.949999429094497
35.9566	0.949999455724095
35.9624	0.949999481156561
35.9682	0.949999505443531
35.974	0.949999528634515
35.9798	0.949999550776985
35.9856	0.949999571916446
35.9914	0.949999592096522
35.9972	0.949999611359022
36.003	0.949999629744017
36.0088	0.949999647289908
36.0146	0.949999664033487
36.0204	0.949999680010006
36.0262	0.949999695253238
36.032	0.949999709795533
36.0378	0.949999723667877
36.0436	0.949999736899946
36.0494	0.949999749520158
36.0552	0.949999761555725
36.061	0.9499997730327
36.0668	0.949999783976027
36.0726	0.949999794409581
36.0784	0.949999804356217
36.0842	0.949999813837806
36.09	0.949999822875279
36.0958	0.949999831488666
36.1016	0.94999983969713
36.1074	0.949999847519004
36.1132	0.949999854971826
36.119	0.949999862072371
36.1248	0.949999868836683
36.1306	0.949999875280106
36.1364	0.949999881417309
36.1422	0.949999887262322
36.148	0.949999892828556
36.1538	0.949999898128831
36.1596	0.949999903175401
36.1654	0.94999990797998
36.1712	0.94999991255376
36.177	0.949999916907437
36.1828	0.949999921051232
36.1886	0.949999924994908
36.1944	0.949999928747792
36.2002	0.949999932318795
36.206	0.949999935716425
36.2118	0.949999938948811
36.2176	0.949999942023712
36.2234	0.949999944948538
36.2292	0.949999947730365
36.235	0.949999950375946
36.2408	0.949999952891729
36.2466	0.949999955283867
36.2524	0.949999957558231
36.2582	0.949999959720428
36.264	0.949999961775803
36.2698	0.94999996372946
36.2756	0.949999965586265
36.2814	0.94999996735086
36.2872	0.949999969027676
36.293	0.949999970620935
36.2988	0.949999972134664
36.3046	0.949999973572706
36.3104	0.94999997493872
36.3162	0.9499999762362
36.322	0.949999977468472
36.3278	0.949999978638708
36.3336	0.949999979749932
36.3394	0.949999980805025
36.3452	0.949999981806732
36.351	0.949999982757669
36.3568	0.949999983660328
36.3626	0.949999984517084
36.3684	0.949999985330197
36.3742	0.949999986101822
36.38	0.949999986834009
36.3858	0.949999987528712
36.3916	0.949999988187791
36.3974	0.949999988813016
36.4032	0.949999989406073
36.409	0.949999989968567
36.4148	0.949999990502024
36.4206	0.949999991007899
36.4264	0.949999991487574
36.4322	0.949999991942365
36.438	0.949999992373525
36.4438	0.949999992782244
36.4496	0.949999993169656
36.4554	0.949999993536839
36.4612	0.949999993884818
36.467	0.949999994214567
36.4728	0.949999994527014
36.4786	0.949999994823039
36.4844	0.949999995103481
36.4902	0.949999995369136
36.496	0.949999995620762
36.5018	0.949999995859077
36.5076	0.949999996084766
36.5134	0.949999996298478
36.5192	0.94999999650083
36.525	0.94999999669241
36.5308	0.949999996873775
36.5366	0.949999997045453
36.5424	0.949999997207948
36.5482	0.949999997361737
36.554	0.949999997507273
36.5598	0.949999997644987
36.5656	0.949999997775288
36.5714	0.949999997898563
36.5772	0.949999998015181
36.583	0.949999998125492
36.5888	0.949999998229826
36.5946	0.9499999983285
36.6004	0.949999998421812
36.6062	0.949999998510045
36.612	0.949999998593469
36.6178	0.949999998672337
36.6236	0.949999998746894
36.6294	0.949999998817367
36.6352	0.949999998883974
36.641	0.949999998946922
36.6468	0.949999999006407
36.6526	0.949999999062614
36.6584	0.949999999115719
36.6642	0.949999999165888
36.67	0.94999999921328
36.6758	0.949999999258045
36.6816	0.949999999300323
36.6874	0.94999999934025
36.6932	0.949999999377954
36.699	0.949999999413554
36.7048	0.949999999447165
36.7106	0.949999999478896
36.7164	0.949999999508848
36.7222	0.949999999537119
36.728	0.949999999563802
36.7338	0.949999999588982
36.7396	0.949999999612743
36.7454	0.949999999635162
36.7512	0.949999999656313
36.757	0.949999999676266
36.7628	0.949999999695088
36.7686	0.949999999712841
36.7744	0.949999999729584
36.7802	0.949999999745373
36.786	0.949999999760261
36.7918	0.949999999774298
36.7976	0.949999999787532
36.8034	0.949999999800008
36.8092	0.949999999811768
36.815	0.949999999822852
36.8208	0.949999999833297
36.8266	0.949999999843141
36.8324	0.949999999852416
36.8382	0.949999999861155
36.844	0.949999999869388
36.8498	0.949999999877144
36.8556	0.949999999884449
36.8614	0.94999999989133
36.8672	0.949999999897809
36.873	0.949999999903911
36.8788	0.949999999909656
36.8846	0.949999999915066
36.8904	0.949999999920158
36.8962	0.949999999924952
36.902	0.949999999929464
36.9078	0.949999999933711
36.9136	0.949999999937707
36.9194	0.949999999941468
36.9252	0.949999999945006
36.931	0.949999999948335
36.9368	0.949999999951467
36.9426	0.949999999954413
36.9484	0.949999999957184
36.9542	0.94999999995979
36.96	0.949999999962241
36.9658	0.949999999964545
36.9716	0.949999999966712
36.9774	0.949999999968749
36.9832	0.949999999970664
36.989	0.949999999972464
36.9948	0.949999999974156
37.0006	0.949999999975746
37.0064	0.94999999997724
37.0122	0.949999999978644
37.018	0.949999999979964
37.0238	0.949999999981203
37.0296	0.949999999982367
37.0354	0.949999999983461
37.0412	0.949999999984488
37.047	0.949999999985453
37.0528	0.949999999986358
37.0586	0.949999999987209
37.0644	0.949999999988008
37.0702	0.949999999988757
37.076	0.949999999989461
37.0818	0.949999999990122
37.0876	0.949999999990742
37.0934	0.949999999991323
37.0992	0.94999999999187
37.105	0.949999999992382
37.1108	0.949999999992862
37.1166	0.949999999993313
37.1224	0.949999999993736
37.1282	0.949999999994133
37.134	0.949999999994505
37.1398	0.949999999994854
37.1456	0.949999999995181
37.1514	0.949999999995488
37.1572	0.949999999995776
37.163	0.949999999996046
37.1688	0.949999999996298
37.1746	0.949999999996535
37.1804	0.949999999996757
37.1862	0.949999999996965
37.192	0.94999999999716
37.1978	0.949999999997343
37.2036	0.949999999997514
37.2094	0.949999999997674
37.2152	0.949999999997825
37.221	0.949999999997965
37.2268	0.949999999998097
37.2326	0.94999999999822
37.2384	0.949999999998336
37.2442	0.949999999998444
37.25	0.949999999998545
37.2558	0.94999999999864
37.2616	0.949999999998729
37.2674	0.949999999998812
37.2732	0.949999999998889
37.279	0.949999999998962
37.2848	0.94999999999903
37.2906	0.949999999999094
37.2964	0.949999999999153
37.3022	0.949999999999209
37.308	0.949999999999261
37.3138	0.94999999999931
37.3196	0.949999999999356
37.3254	0.949999999999398
37.3312	0.949999999999438
37.337	0.949999999999475
37.3428	0.94999999999951
37.3486	0.949999999999543
37.3544	0.949999999999573
37.3602	0.949999999999602
37.366	0.949999999999628
37.3718	0.949999999999653
37.3776	0.949999999999676
37.3834	0.949999999999698
37.3892	0.949999999999718
37.395	0.949999999999737
37.4008	0.949999999999755
37.4066	0.949999999999771
37.4124	0.949999999999787
37.4182	0.949999999999801
37.424	0.949999999999815
37.4298	0.949999999999827
37.4356	0.949999999999839
37.4414	0.94999999999985
37.4472	0.94999999999986
37.453	0.949999999999869
37.4588	0.949999999999878
37.4646	0.949999999999887
37.4704	0.949999999999894
37.4762	0.949999999999902
37.482	0.949999999999908
37.4878	0.949999999999915
37.4936	0.94999999999992
37.4994	0.949999999999926
37.5052	0.949999999999931
37.511	0.949999999999936
37.5168	0.94999999999994
37.5226	0.949999999999944
37.5284	0.949999999999948
37.5342	0.949999999999952
37.54	0.949999999999955
37.5458	0.949999999999958
37.5516	0.949999999999961
37.5574	0.949999999999964
37.5632	0.949999999999966
37.569	0.949999999999969
37.5748	0.949999999999971
37.5806	0.949999999999973
37.5864	0.949999999999975
37.5922	0.949999999999977
37.598	0.949999999999978
37.6038	0.94999999999998
37.6096	0.949999999999981
37.6154	0.949999999999982
37.6212	0.949999999999984
37.627	0.949999999999985
37.6328	0.949999999999986
37.6386	0.949999999999987
37.6444	0.949999999999988
37.6502	0.949999999999989
37.656	0.94999999999999
37.6618	0.94999999999999
37.6676	0.949999999999991
37.6734	0.949999999999992
37.6792	0.949999999999992
37.685	0.949999999999993
37.6908	0.949999999999993
37.6966	0.949999999999994
37.7024	0.949999999999994
37.7082	0.949999999999995
37.714	0.949999999999995
37.7198	0.949999999999995
37.7256	0.949999999999996
37.7314	0.949999999999996
37.7372	0.949999999999996
37.743	0.949999999999997
37.7488	0.949999999999997
37.7546	0.949999999999997
37.7604	0.949999999999997
37.7662	0.949999999999997
37.772	0.949999999999998
37.7778	0.949999999999998
37.7836	0.949999999999998
37.7894	0.949999999999998
37.7952	0.949999999999998
37.801	0.949999999999998
37.8068	0.949999999999999
37.8126	0.949999999999999
37.8184	0.949999999999999
37.8242	0.949999999999999
37.83	0.949999999999999
37.8358	0.949999999999999
37.8416	0.949999999999999
37.8474	0.949999999999999
37.8532	0.949999999999999
37.859	0.949999999999999
37.8648	0.949999999999999
37.8706	0.949999999999999
37.8764	0.949999999999999
37.8822	0.949999999999999
37.888	0.95
37.8938	0.95
37.8996	0.95
37.9054	0.95
37.9112	0.95
37.917	0.95
37.9228	0.95
37.9286	0.95
37.9344	0.95
37.9402	0.95
37.946	0.95
37.9518	0.95
37.9576	0.95
37.9634	0.95
37.9692	0.95
37.975	0.95
37.9808	0.95
37.9866	0.95
37.9924	0.95
37.9982	0.95
38.004	0.95
38.0098	0.95
38.0156	0.95
38.0214	0.95
38.0272	0.95
38.033	0.95
38.0388	0.95
38.0446	0.95
38.0504	0.95
38.0562	0.95
38.062	0.95
38.0678	0.95
38.0736	0.95
38.0794	0.95
38.0852	0.95
38.091	0.95
38.0968	0.95
38.1026	0.95
38.1084	0.95
38.1142	0.95
38.12	0.95
38.1258	0.95
38.1316	0.95
38.1374	0.95
38.1432	0.95
38.149	0.95
38.1548	0.95
38.1606	0.95
38.1664	0.95
38.1722	0.95
38.178	0.95
38.1838	0.95
38.1896	0.95
38.1954	0.95
38.2012	0.95
38.207	0.95
38.2128	0.95
38.2186	0.95
38.2244	0.95
38.2302	0.95
38.236	0.95
38.2418	0.95
38.2476	0.95
38.2534	0.95
38.2592	0.95
38.265	0.95
38.2708	0.95
38.2766	0.95
38.2824	0.95
38.2882	0.95
38.294	0.95
38.2998	0.95
38.3056	0.95
38.3114	0.95
38.3172	0.95
38.323	0.95
38.3288	0.95
38.3346	0.95
38.3404	0.95
38.3462	0.95
38.352	0.95
38.3578	0.95
38.3636	0.95
38.3694	0.95
38.3752	0.95
38.381	0.95
38.3868	0.95
38.3926	0.95
38.3984	0.95
38.4042	0.95
38.41	0.95
38.4158	0.95
38.4216	0.95
38.4274	0.95
38.4332	0.95
38.439	0.95
38.4448	0.95
38.4506	0.95
38.4564	0.95
38.4622	0.95
38.468	0.95
38.4738	0.95
38.4796	0.95
38.4854	0.95
38.4912	0.95
38.497	0.95
38.5028	0.95
38.5086	0.95
38.5144	0.95
38.5202	0.95
38.526	0.95
38.5318	0.95
38.5376	0.95
38.5434	0.95
38.5492	0.95
38.555	0.95
38.5608	0.95
38.5666	0.95
38.5724	0.95
38.5782	0.95
38.584	0.95
38.5898	0.95
38.5956	0.95
38.6014	0.95
38.6072	0.95
38.613	0.95
38.6188	0.95
38.6246	0.95
38.6304	0.95
38.6362	0.95
38.642	0.95
38.6478	0.95
38.6536	0.95
38.6594	0.95
38.6652	0.95
38.671	0.95
38.6768	0.95
38.6826	0.95
38.6884	0.95
38.6942	0.95
38.7	0.95
38.7058	0.95
38.7116	0.95
38.7174	0.95
38.7232	0.95
38.729	0.95
38.7348	0.95
38.7406	0.95
38.7464	0.95
38.7522	0.95
38.758	0.95
38.7638	0.95
38.7696	0.95
38.7754	0.95
38.7812	0.95
38.787	0.95
38.7928	0.95
38.7986	0.95
38.8044	0.95
38.8102	0.95
38.816	0.95
38.8218	0.95
38.8276	0.95
38.8334	0.95
38.8392	0.95
38.845	0.95
38.8508	0.95
38.8566	0.95
38.8624	0.95
38.8682	0.95
38.874	0.95
38.8798	0.95
38.8856	0.95
38.8914	0.95
38.8972	0.95
38.903	0.95
38.9088	0.95
38.9146	0.95
38.9204	0.95
38.9262	0.95
38.932	0.95
38.9378	0.95
38.9436	0.95
38.9494	0.95
38.9552	0.95
38.961	0.95
38.9668	0.95
38.9726	0.95
38.9784	0.95
38.9842	0.95
38.99	0.95
38.9958	0.95
39.0016	0.95
39.0074	0.95
39.0132	0.95
39.019	0.95
39.0248	0.95
39.0306	0.95
39.0364	0.95
39.0422	0.95
39.048	0.95
39.0538	0.95
39.0596	0.95
39.0654	0.95
39.0712	0.95
39.077	0.95
39.0828	0.95
39.0886	0.95
39.0944	0.95
39.1002	0.95
39.106	0.95
39.1118	0.95
39.1176	0.95
39.1234	0.95
39.1292	0.95
39.135	0.95
39.1408	0.95
39.1466	0.95
39.1524	0.95
39.1582	0.95
39.164	0.95
39.1698	0.95
39.1756	0.95
39.1814	0.95
39.1872	0.95
39.193	0.95
39.1988	0.95
39.2046	0.95
39.2104	0.95
39.2162	0.95
39.222	0.95
39.2278	0.95
39.2336	0.95
39.2394	0.95
39.2452	0.95
39.251	0.95
39.2568	0.95
39.2626	0.95
39.2684	0.95
39.2742	0.95
39.28	0.95
39.2858	0.95
39.2916	0.95
39.2974	0.95
39.3032	0.95
39.309	0.95
39.3148	0.95
39.3206	0.95
39.3264	0.95
39.3322	0.95
39.338	0.95
39.3438	0.95
39.3496	0.95
39.3554	0.95
39.3612	0.95
39.367	0.95
39.3728	0.95
39.3786	0.95
39.3844	0.95
39.3902	0.95
39.396	0.95
39.4018	0.95
39.4076	0.95
39.4134	0.95
39.4192	0.95
39.425	0.95
39.4308	0.95
39.4366	0.95
39.4424	0.95
39.4482	0.95
39.454	0.95
39.4598	0.95
39.4656	0.95
39.4714	0.95
39.4772	0.95
39.483	0.95
39.4888	0.95
39.4946	0.95
39.5004	0.95
39.5062	0.95
39.512	0.95
39.5178	0.95
39.5236	0.95
39.5294	0.95
39.5352	0.95
39.541	0.95
39.5468	0.95
39.5526	0.95
39.5584	0.95
39.5642	0.95
39.57	0.95
39.5758	0.95
39.5816	0.95
39.5874	0.95
39.5932	0.95
39.599	0.95
39.6048	0.95
39.6106	0.95
39.6164	0.95
39.6222	0.95
39.628	0.95
39.6338	0.95
39.6396	0.95
39.6454	0.95
39.6512	0.95
39.657	0.95
39.6628	0.95
39.6686	0.95
39.6744	0.95
39.6802	0.95
39.686	0.95
39.6918	0.95
39.6976	0.95
39.7034	0.95
39.7092	0.95
39.715	0.95
39.7208	0.95
39.7266	0.95
39.7324	0.95
39.7382	0.95
39.744	0.95
39.7498	0.95
39.7556	0.95
39.7614	0.95
39.7672	0.95
39.773	0.95
39.7788	0.95
39.7846	0.95
39.7904	0.95
39.7962	0.95
39.802	0.95
39.8078	0.95
39.8136	0.95
39.8194	0.95
39.8252	0.95
39.831	0.95
39.8368	0.95
39.8426	0.95
39.8484	0.95
39.8542	0.95
39.86	0.95
39.8658	0.95
39.8716	0.95
39.8774	0.95
39.8832	0.95
39.889	0.95
39.8948	0.95
39.9006	0.95
39.9064	0.95
39.9122	0.95
39.918	0.95
39.9238	0.95
39.9296	0.95
39.9354	0.95
39.9412	0.95
39.947	0.95
39.9528	0.95
39.9586	0.95
39.9644	0.95
39.9702	0.95
39.976	0.95
39.9818	0.95
39.9876	0.95
39.9934	0.95
39.9992	0.95
40.005	0.95
40.0108	0.95
40.0166	0.95
40.0224	0.95
40.0282	0.95
40.034	0.95
40.0398	0.95
40.0456	0.95
40.0514	0.95
40.0572	0.95
40.063	0.95
40.0688	0.95
40.0746	0.95
40.0804	0.95
40.0862	0.95
40.092	0.95
40.0978	0.95
40.1036	0.95
40.1094	0.95
40.1152	0.95
40.121	0.95
40.1268	0.95
40.1326	0.95
40.1384	0.95
40.1442	0.95
40.15	0.95
40.1558	0.95
40.1616	0.95
40.1674	0.95
40.1732	0.95
40.179	0.95
40.1848	0.95
40.1906	0.95
40.1964	0.95
40.2022	0.95
40.208	0.95
40.2138	0.95
40.2196	0.95
40.2254	0.95
40.2312	0.95
40.237	0.95
40.2428	0.95
40.2486	0.95
40.2544	0.95
40.2602	0.95
40.266	0.95
40.2718	0.95
40.2776	0.95
40.2834	0.95
40.2892	0.95
40.295	0.95
40.3008	0.95
40.3066	0.95
40.3124	0.95
40.3182	0.95
40.324	0.95
40.3298	0.95
40.3356	0.95
40.3414	0.95
40.3472	0.95
40.353	0.95
40.3588	0.95
40.3646	0.95
40.3704	0.95
40.3762	0.95
40.382	0.95
40.3878	0.95
40.3936	0.95
40.3994	0.95
40.4052	0.95
40.411	0.95
40.4168	0.95
40.4226	0.95
40.4284	0.95
40.4342	0.95
40.44	0.95
40.4458	0.95
40.4516	0.95
40.4574	0.95
40.4632	0.95
40.469	0.95
40.4748	0.95
40.4806	0.95
40.4864	0.95
40.4922	0.95
40.498	0.95
40.5038	0.95
40.5096	0.95
40.5154	0.95
40.5212	0.95
40.527	0.95
40.5328	0.95
40.5386	0.95
40.5444	0.95
40.5502	0.95
40.556	0.95
40.5618	0.95
40.5676	0.95
40.5734	0.95
40.5792	0.95
40.585	0.95
40.5908	0.95
40.5966	0.95
40.6024	0.95
40.6082	0.95
40.614	0.95
40.6198	0.95
40.6256	0.95
40.6314	0.95
40.6372	0.95
40.643	0.95
40.6488	0.95
40.6546	0.95
40.6604	0.95
40.6662	0.95
40.672	0.95
40.6778	0.95
40.6836	0.95
40.6894	0.95
40.6952	0.95
40.701	0.95
40.7068	0.95
40.7126	0.95
40.7184	0.95
40.7242	0.95
40.73	0.95
40.7358	0.95
40.7416	0.95
40.7474	0.95
40.7532	0.95
40.759	0.95
40.7648	0.95
40.7706	0.95
40.7764	0.95
40.7822	0.95
40.788	0.95
40.7938	0.95
40.7996	0.95
40.8054	0.95
40.8112	0.95
40.817	0.95
40.8228	0.95
40.8286	0.95
40.8344	0.95
40.8402	0.95
40.846	0.95
40.8518	0.95
40.8576	0.95
40.8634	0.95
40.8692	0.95
40.875	0.95
40.8808	0.95
40.8866	0.95
40.8924	0.95
40.8982	0.95
40.904	0.95
40.9098	0.95
40.9156	0.95
40.9214	0.95
40.9272	0.95
40.933	0.95
40.9388	0.95
40.9446	0.95
40.9504	0.95
40.9562	0.95
40.962	0.95
40.9678	0.95
40.9736	0.95
40.9794	0.95
40.9852	0.95
40.991	0.95
40.9968	0.95
41.0026	0.95
41.0084	0.95
41.0142	0.95
41.02	0.95
41.0258	0.95
41.0316	0.95
41.0374	0.95
41.0432	0.95
41.049	0.95
41.0548	0.95
41.0606	0.95
41.0664	0.95
41.0722	0.95
41.078	0.95
41.0838	0.95
41.0896	0.95
41.0954	0.95
41.1012	0.95
41.107	0.95
41.1128	0.95
41.1186	0.95
41.1244	0.95
41.1302	0.95
41.136	0.95
41.1418	0.95
41.1476	0.95
41.1534	0.95
41.1592	0.95
41.165	0.95
41.1708	0.95
41.1766	0.95
41.1824	0.95
41.1882	0.95
41.194	0.95
41.1998	0.95
41.2056	0.95
41.2114	0.95
41.2172	0.95
41.223	0.95
41.2288	0.95
41.2346	0.95
41.2404	0.95
41.2462	0.95
41.252	0.95
41.2578	0.95
41.2636	0.95
41.2694	0.95
41.2752	0.95
41.281	0.95
41.2868	0.95
41.2926	0.95
41.2984	0.95
41.3042	0.95
41.31	0.95
41.3158	0.95
41.3216	0.95
41.3274	0.95
41.3332	0.95
41.339	0.95
41.3448	0.95
41.3506	0.95
41.3564	0.95
41.3622	0.95
41.368	0.95
41.3738	0.95
41.3796	0.95
41.3854	0.95
41.3912	0.95
41.397	0.95
41.4028	0.95
41.4086	0.95
41.4144	0.95
41.4202	0.95
41.426	0.95
41.4318	0.95
41.4376	0.95
41.4434	0.95
41.4492	0.95
41.455	0.95
41.4608	0.95
41.4666	0.95
41.4724	0.95
41.4782	0.95
41.484	0.95
41.4898	0.95
41.4956	0.95
41.5014	0.95
41.5072	0.95
41.513	0.95
41.5188	0.95
41.5246	0.95
41.5304	0.95
41.5362	0.95
41.542	0.95
41.5478	0.95
41.5536	0.95
41.5594	0.95
41.5652	0.95
41.571	0.95
41.5768	0.95
41.5826	0.95
41.5884	0.95
41.5942	0.95
41.6	0.95
41.6058	0.95
41.6116	0.95
41.6174	0.95
41.6232	0.95
41.629	0.95
41.6348	0.95
41.6406	0.95
41.6464	0.95
41.6522	0.95
41.658	0.95
41.6638	0.95
41.6696	0.95
41.6754	0.95
41.6812	0.95
41.687	0.95
41.6928	0.95
41.6986	0.95
41.7044	0.95
41.7102	0.95
41.716	0.95
41.7218	0.95
41.7276	0.95
41.7334	0.95
41.7392	0.95
41.745	0.95
41.7508	0.95
41.7566	0.95
41.7624	0.95
41.7682	0.95
41.774	0.95
41.7798	0.95
41.7856	0.95
41.7914	0.95
41.7972	0.95
41.803	0.95
41.8088	0.95
41.8146	0.95
41.8204	0.95
41.8262	0.95
41.832	0.95
41.8378	0.95
41.8436	0.95
41.8494	0.95
41.8552	0.95
41.861	0.95
41.8668	0.95
41.8726	0.95
41.8784	0.95
41.8842	0.95
41.89	0.95
41.8958	0.95
41.9016	0.95
41.9074	0.95
41.9132	0.95
41.919	0.95
41.9248	0.95
41.9306	0.95
41.9364	0.95
41.9422	0.95
41.948	0.95
41.9538	0.95
41.9596	0.95
41.9654	0.95
41.9712	0.95
41.977	0.95
41.9828	0.95
41.9886	0.95
41.9944	0.95
42.0002	0.95
42.006	0.95
42.0118	0.95
42.0176	0.95
42.0234	0.95
42.0292	0.95
42.035	0.95
42.0408	0.95
42.0466	0.95
42.0524	0.95
42.0582	0.95
42.064	0.95
42.0698	0.95
42.0756	0.95
42.0814	0.95
42.0872	0.95
42.093	0.95
42.0988	0.95
42.1046	0.95
42.1104	0.95
42.1162	0.95
42.122	0.95
42.1278	0.95
42.1336	0.95
42.1394	0.95
42.1452	0.95
42.151	0.95
42.1568	0.95
42.1626	0.95
42.1684	0.95
42.1742	0.95
42.18	0.95
42.1858	0.95
42.1916	0.95
42.1974	0.95
42.2032	0.95
42.209	0.95
42.2148	0.95
42.2206	0.95
42.2264	0.95
42.2322	0.95
42.238	0.95
42.2438	0.95
42.2496	0.95
42.2554	0.95
42.2612	0.95
42.267	0.95
42.2728	0.95
42.2786	0.95
42.2844	0.95
42.2902	0.95
42.296	0.95
42.3018	0.95
42.3076	0.95
42.3134	0.95
42.3192	0.95
42.325	0.95
42.3308	0.95
42.3366	0.95
42.3424	0.95
42.3482	0.95
42.354	0.95
42.3598	0.95
42.3656	0.95
42.3714	0.95
42.3772	0.95
42.383	0.95
42.3888	0.95
42.3946	0.95
42.4004	0.95
42.4062	0.95
42.412	0.95
42.4178	0.95
42.4236	0.95
42.4294	0.95
42.4352	0.95
42.441	0.95
42.4468	0.95
42.4526	0.95
42.4584	0.95
42.4642	0.95
42.47	0.95
42.4758	0.95
42.4816	0.95
42.4874	0.95
42.4932	0.95
42.499	0.95
42.5048	0.95
42.5106	0.95
42.5164	0.95
42.5222	0.95
42.528	0.95
42.5338	0.95
42.5396	0.95
42.5454	0.95
42.5512	0.95
42.557	0.95
42.5628	0.95
42.5686	0.95
42.5744	0.95
42.5802	0.95
42.586	0.95
42.5918	0.95
42.5976	0.95
42.6034	0.95
42.6092	0.95
42.615	0.95
42.6208	0.95
42.6266	0.95
42.6324	0.95
42.6382	0.95
42.644	0.95
42.6498	0.95
42.6556	0.95
42.6614	0.95
42.6672	0.95
42.673	0.95
42.6788	0.95
42.6846	0.95
42.6904	0.95
42.6962	0.95
42.702	0.95
42.7078	0.95
42.7136	0.95
42.7194	0.95
42.7252	0.95
42.731	0.95
42.7368	0.95
42.7426	0.95
42.7484	0.95
42.7542	0.95
42.76	0.95
42.7658	0.95
42.7716	0.95
42.7774	0.95
42.7832	0.95
42.789	0.95
42.7948	0.95
42.8006	0.95
42.8064	0.95
42.8122	0.95
42.818	0.95
42.8238	0.95
42.8296	0.95
42.8354	0.95
42.8412	0.95
42.847	0.95
42.8528	0.95
42.8586	0.95
42.8644	0.95
42.8702	0.95
42.876	0.95
42.8818	0.95
42.8876	0.95
42.8934	0.95
42.8992	0.95
42.905	0.95
42.9108	0.95
42.9166	0.95
42.9224	0.95
42.9282	0.95
42.934	0.95
42.9398	0.95
42.9456	0.95
42.9514	0.95
42.9572	0.95
42.963	0.95
42.9688	0.95
42.9746	0.95
42.9804	0.95
42.9862	0.95
42.992	0.95
42.9978	0.95
43.0036	0.95
43.0094	0.95
43.0152	0.95
43.021	0.95
43.0268	0.95
43.0326	0.95
43.0384	0.95
43.0442	0.95
43.05	0.95
43.0558	0.95
43.0616	0.95
43.0674	0.95
43.0732	0.95
43.079	0.95
43.0848	0.95
43.0906	0.95
43.0964	0.95
43.1022	0.95
43.108	0.95
43.1138	0.95
43.1196	0.95
43.1254	0.95
43.1312	0.95
43.137	0.95
43.1428	0.95
43.1486	0.95
43.1544	0.95
43.1602	0.95
43.166	0.95
43.1718	0.95
43.1776	0.95
43.1834	0.95
43.1892	0.95
43.195	0.95
43.2008	0.95
43.2066	0.95
43.2124	0.95
43.2182	0.95
43.224	0.95
43.2298	0.95
43.2356	0.95
43.2414	0.95
43.2472	0.95
43.253	0.95
43.2588	0.95
43.2646	0.95
43.2704	0.95
43.2762	0.95
43.282	0.95
43.2878	0.95
43.2936	0.95
43.2994	0.95
43.3052	0.95
43.311	0.95
43.3168	0.95
43.3226	0.95
43.3284	0.95
43.3342	0.95
43.34	0.95
43.3458	0.95
43.3516	0.95
43.3574	0.95
43.3632	0.95
43.369	0.95
43.3748	0.95
43.3806	0.95
43.3864	0.95
43.3922	0.95
43.398	0.95
43.4038	0.95
43.4096	0.95
43.4154	0.95
43.4212	0.95
43.427	0.95
43.4328	0.95
43.4386	0.95
43.4444	0.95
43.4502	0.95
43.456	0.95
43.4618	0.95
43.4676	0.95
43.4734	0.95
43.4792	0.95
43.485	0.95
43.4908	0.95
43.4966	0.95
43.5024	0.95
43.5082	0.95
43.514	0.95
43.5198	0.95
43.5256	0.95
43.5314	0.95
43.5372	0.95
43.543	0.95
43.5488	0.95
43.5546	0.95
43.5604	0.95
43.5662	0.95
43.572	0.95
43.5778	0.95
43.5836	0.95
43.5894	0.95
43.5952	0.95
43.601	0.95
43.6068	0.95
43.6126	0.95
43.6184	0.95
43.6242	0.95
43.63	0.95
43.6358	0.95
43.6416	0.95
43.6474	0.95
43.6532	0.95
43.659	0.95
43.6648	0.95
43.6706	0.95
43.6764	0.95
43.6822	0.95
43.688	0.95
43.6938	0.95
43.6996	0.95
43.7054	0.95
43.7112	0.95
43.717	0.95
43.7228	0.95
43.7286	0.95
43.7344	0.95
43.7402	0.95
43.746	0.95
43.7518	0.95
43.7576	0.95
43.7634	0.95
43.7692	0.95
43.775	0.95
43.7808	0.95
43.7866	0.95
43.7924	0.95
43.7982	0.95
43.804	0.95
43.8098	0.95
43.8156	0.95
43.8214	0.95
43.8272	0.95
43.833	0.95
43.8388	0.95
43.8446	0.95
43.8504	0.95
43.8562	0.95
43.862	0.95
43.8678	0.95
43.8736	0.95
43.8794	0.95
43.8852	0.95
43.891	0.95
43.8968	0.95
43.9026	0.95
43.9084	0.95
43.9142	0.95
43.92	0.95
43.9258	0.95
43.9316	0.95
43.9374	0.95
43.9432	0.95
43.949	0.95
43.9548	0.95
43.9606	0.95
43.9664	0.95
43.9722	0.95
43.978	0.95
43.9838	0.95
43.9896	0.95
43.9954	0.95
44.0012	0.95
44.007	0.95
44.0128	0.95
44.0186	0.95
44.0244	0.95
44.0302	0.95
44.036	0.95
44.0418	0.95
44.0476	0.95
44.0534	0.95
44.0592	0.95
44.065	0.95
44.0708	0.95
44.0766	0.95
44.0824	0.95
44.0882	0.95
44.094	0.95
44.0998	0.95
44.1056	0.95
44.1114	0.95
44.1172	0.95
44.123	0.95
44.1288	0.95
44.1346	0.95
44.1404	0.95
44.1462	0.95
44.152	0.95
44.1578	0.95
44.1636	0.95
44.1694	0.95
44.1752	0.95
44.181	0.95
44.1868	0.95
44.1926	0.95
44.1984	0.95
44.2042	0.95
44.21	0.95
44.2158	0.95
44.2216	0.95
44.2274	0.95
44.2332	0.95
44.239	0.95
44.2448	0.95
44.2506	0.95
44.2564	0.95
44.2622	0.95
44.268	0.95
44.2738	0.95
44.2796	0.95
44.2854	0.95
44.2912	0.95
44.297	0.95
44.3028	0.95
44.3086	0.95
44.3144	0.95
44.3202	0.95
44.326	0.95
44.3318	0.95
44.3376	0.95
44.3434	0.95
44.3492	0.95
44.355	0.95
44.3608	0.95
44.3666	0.95
44.3724	0.95
44.3782	0.95
44.384	0.95
44.3898	0.95
44.3956	0.95
44.4014	0.95
44.4072	0.95
44.413	0.95
44.4188	0.95
44.4246	0.95
44.4304	0.95
44.4362	0.95
44.442	0.95
44.4478	0.95
44.4536	0.95
44.4594	0.95
44.4652	0.95
44.471	0.95
44.4768	0.95
44.4826	0.95
44.4884	0.95
44.4942	0.95
44.5	0.95
44.5058	0.95
44.5116	0.95
44.5174	0.95
44.5232	0.95
44.529	0.95
44.5348	0.95
44.5406	0.95
44.5464	0.95
44.5522	0.95
44.558	0.95
44.5638	0.95
44.5696	0.95
44.5754	0.95
44.5812	0.95
44.587	0.95
44.5928	0.95
44.5986	0.95
44.6044	0.95
44.6102	0.95
44.616	0.95
44.6218	0.95
44.6276	0.95
44.6334	0.95
44.6392	0.95
44.645	0.95
44.6508	0.95
44.6566	0.95
44.6624	0.95
44.6682	0.95
44.674	0.95
44.6798	0.95
44.6856	0.95
44.6914	0.95
44.6972	0.95
44.703	0.95
44.7088	0.95
44.7146	0.95
44.7204	0.95
44.7262	0.95
44.732	0.95
44.7378	0.95
44.7436	0.95
44.7494	0.95
44.7552	0.95
44.761	0.95
44.7668	0.95
44.7726	0.95
44.7784	0.95
44.7842	0.95
44.79	0.95
44.7958	0.95
44.8016	0.95
44.8074	0.95
44.8132	0.95
44.819	0.95
44.8248	0.95
44.8306	0.95
44.8364	0.95
44.8422	0.95
44.848	0.95
44.8538	0.95
44.8596	0.95
44.8654	0.95
44.8712	0.95
44.877	0.95
44.8828	0.95
44.8886	0.95
44.8944	0.95
44.9002	0.95
44.906	0.95
44.9118	0.95
44.9176	0.95
44.9234	0.95
44.9292	0.95
44.935	0.95
44.9408	0.95
44.9466	0.95
44.9524	0.95
44.9582	0.95
44.964	0.95
44.9698	0.95
44.9756	0.95
44.9814	0.95
44.9872	0.95
44.993	0.95
44.9988	0.95
45.0046	0.95
45.0104	0.95
45.0162	0.95
45.022	0.95
45.0278	0.95
45.0336	0.95
45.0394	0.95
45.0452	0.95
45.051	0.95
45.0568	0.95
45.0626	0.95
45.0684	0.95
45.0742	0.95
45.08	0.95
45.0858	0.95
45.0916	0.95
45.0974	0.95
45.1032	0.95
45.109	0.95
45.1148	0.95
45.1206	0.95
45.1264	0.95
45.1322	0.95
45.138	0.95
45.1438	0.95
45.1496	0.95
45.1554	0.95
45.1612	0.95
45.167	0.95
45.1728	0.95
45.1786	0.95
45.1844	0.95
45.1902	0.95
45.196	0.95
45.2018	0.95
45.2076	0.95
45.2134	0.95
45.2192	0.95
45.225	0.95
45.2308	0.95
45.2366	0.95
45.2424	0.95
45.2482	0.95
45.254	0.95
45.2598	0.95
45.2656	0.95
45.2714	0.95
45.2772	0.95
45.283	0.95
45.2888	0.95
45.2946	0.95
45.3004	0.95
45.3062	0.95
45.312	0.95
45.3178	0.95
45.3236	0.95
45.3294	0.95
45.3352	0.95
45.341	0.95
45.3468	0.95
45.3526	0.95
45.3584	0.95
45.3642	0.95
45.37	0.95
45.3758	0.95
45.3816	0.95
45.3874	0.95
45.3932	0.95
45.399	0.95
45.4048	0.95
45.4106	0.95
45.4164	0.95
45.4222	0.95
45.428	0.95
45.4338	0.95
45.4396	0.95
45.4454	0.95
45.4512	0.95
45.457	0.95
45.4628	0.95
45.4686	0.95
45.4744	0.95
45.4802	0.95
45.486	0.95
45.4918	0.95
45.4976	0.95
45.5034	0.95
45.5092	0.95
45.515	0.95
45.5208	0.95
45.5266	0.95
45.5324	0.95
45.5382	0.95
45.544	0.95
45.5498	0.95
45.5556	0.95
45.5614	0.95
45.5672	0.95
45.573	0.95
45.5788	0.95
45.5846	0.95
45.5904	0.95
45.5962	0.95
45.602	0.95
45.6078	0.95
45.6136	0.95
45.6194	0.95
45.6252	0.95
45.631	0.95
45.6368	0.95
45.6426	0.95
45.6484	0.95
45.6542	0.95
45.66	0.95
45.6658	0.95
45.6716	0.95
45.6774	0.95
45.6832	0.95
45.689	0.95
45.6948	0.95
45.7006	0.95
45.7064	0.95
45.7122	0.95
45.718	0.95
45.7238	0.95
45.7296	0.95
45.7354	0.95
45.7412	0.95
45.747	0.95
45.7528	0.95
45.7586	0.95
45.7644	0.95
45.7702	0.95
45.776	0.95
45.7818	0.95
45.7876	0.95
45.7934	0.95
45.7992	0.95
45.805	0.95
45.8108	0.95
45.8166	0.95
45.8224	0.95
45.8282	0.95
45.834	0.95
45.8398	0.95
45.8456	0.95
45.8514	0.95
45.8572	0.95
45.863	0.95
45.8688	0.95
45.8746	0.95
45.8804	0.95
45.8862	0.95
45.892	0.95
45.8978	0.95
45.9036	0.95
45.9094	0.95
45.9152	0.95
45.921	0.95
45.9268	0.95
45.9326	0.95
45.9384	0.95
45.9442	0.95
45.95	0.95
45.9558	0.95
45.9616	0.95
45.9674	0.95
45.9732	0.95
45.979	0.95
45.9848	0.95
45.9906	0.95
45.9964	0.95
46.0022	0.95
46.008	0.95
46.0138	0.95
46.0196	0.95
46.0254	0.95
46.0312	0.95
46.037	0.95
46.0428	0.95
46.0486	0.95
46.0544	0.95
46.0602	0.95
46.066	0.95
46.0718	0.95
46.0776	0.95
46.0834	0.95
46.0892	0.95
46.095	0.95
46.1008	0.95
46.1066	0.95
46.1124	0.95
46.1182	0.95
46.124	0.95
46.1298	0.95
46.1356	0.95
46.1414	0.95
46.1472	0.95
46.153	0.95
46.1588	0.95
46.1646	0.95
46.1704	0.95
46.1762	0.95
46.182	0.95
46.1878	0.95
46.1936	0.95
46.1994	0.95
46.2052	0.95
46.211	0.95
46.2168	0.95
46.2226	0.95
46.2284	0.95
46.2342	0.95
46.24	0.95
46.2458	0.95
46.2516	0.95
46.2574	0.95
46.2632	0.95
46.269	0.95
46.2748	0.95
46.2806	0.95
46.2864	0.95
46.2922	0.95
46.298	0.95
46.3038	0.95
46.3096	0.95
46.3154	0.95
46.3212	0.95
46.327	0.95
46.3328	0.95
46.3386	0.95
46.3444	0.95
46.3502	0.95
46.356	0.95
46.3618	0.95
46.3676	0.95
46.3734	0.95
46.3792	0.95
46.385	0.95
46.3908	0.95
46.3966	0.95
46.4024	0.95
46.4082	0.95
46.414	0.95
46.4198	0.95
46.4256	0.95
46.4314	0.95
46.4372	0.95
46.443	0.95
46.4488	0.95
46.4546	0.95
46.4604	0.95
46.4662	0.95
46.472	0.95
46.4778	0.95
46.4836	0.95
46.4894	0.95
46.4952	0.95
46.501	0.95
46.5068	0.95
46.5126	0.95
46.5184	0.95
46.5242	0.95
46.53	0.95
46.5358	0.95
46.5416	0.95
46.5474	0.95
46.5532	0.95
46.559	0.95
46.5648	0.95
46.5706	0.95
46.5764	0.95
46.5822	0.95
46.588	0.95
46.5938	0.95
46.5996	0.95
46.6054	0.95
46.6112	0.95
46.617	0.95
46.6228	0.95
46.6286	0.95
46.6344	0.95
46.6402	0.95
46.646	0.95
46.6518	0.95
46.6576	0.95
46.6634	0.95
46.6692	0.95
46.675	0.95
46.6808	0.95
46.6866	0.95
46.6924	0.95
46.6982	0.95
46.704	0.95
46.7098	0.95
46.7156	0.95
46.7214	0.95
46.7272	0.95
46.733	0.95
46.7388	0.95
46.7446	0.95
46.7504	0.95
46.7562	0.95
46.762	0.95
46.7678	0.95
46.7736	0.95
46.7794	0.95
46.7852	0.95
46.791	0.95
46.7968	0.95
46.8026	0.95
46.8084	0.95
46.8142	0.95
46.82	0.95
46.8258	0.95
46.8316	0.95
46.8374	0.95
46.8432	0.95
46.849	0.95
46.8548	0.95
46.8606	0.95
46.8664	0.95
46.8722	0.95
46.878	0.95
46.8838	0.95
46.8896	0.95
46.8954	0.95
46.9012	0.95
46.907	0.95
46.9128	0.95
46.9186	0.95
46.9244	0.95
46.9302	0.95
46.936	0.95
46.9418	0.95
46.9476	0.95
46.9534	0.95
46.9592	0.95
46.965	0.95
46.9708	0.95
46.9766	0.95
46.9824	0.95
46.9882	0.95
46.994	0.95
46.9998	0.95
47.0056	0.95
47.0114	0.95
47.0172	0.95
47.023	0.95
47.0288	0.95
47.0346	0.95
47.0404	0.95
47.0462	0.95
47.052	0.95
47.0578	0.95
47.0636	0.95
47.0694	0.95
47.0752	0.95
47.081	0.95
47.0868	0.95
47.0926	0.95
47.0984	0.95
47.1042	0.95
47.11	0.95
47.1158	0.95
47.1216	0.95
47.1274	0.95
47.1332	0.95
47.139	0.95
47.1448	0.95
47.1506	0.95
47.1564	0.95
47.1622	0.95
47.168	0.95
47.1738	0.95
47.1796	0.95
47.1854	0.95
47.1912	0.95
47.197	0.95
47.2028	0.95
47.2086	0.95
47.2144	0.95
47.2202	0.95
47.226	0.95
47.2318	0.95
47.2376	0.95
47.2434	0.95
47.2492	0.95
47.255	0.95
47.2608	0.95
47.2666	0.95
47.2724	0.95
47.2782	0.95
47.284	0.95
47.2898	0.95
47.2956	0.95
47.3014	0.95
47.3072	0.95
47.313	0.95
47.3188	0.95
47.3246	0.95
47.3304	0.95
47.3362	0.95
47.342	0.95
47.3478	0.95
47.3536	0.95
47.3594	0.95
47.3652	0.95
47.371	0.95
47.3768	0.95
47.3826	0.95
47.3884	0.95
47.3942	0.95
47.4	0.95
47.4058	0.95
47.4116	0.95
47.4174	0.95
47.4232	0.95
47.429	0.95
47.4348	0.95
47.4406	0.95
47.4464	0.95
47.4522	0.95
47.458	0.95
47.4638	0.95
47.4696	0.95
47.4754	0.95
47.4812	0.95
47.487	0.95
47.4928	0.95
47.4986	0.95
47.5044	0.95
47.5102	0.95
47.516	0.95
47.5218	0.95
47.5276	0.95
47.5334	0.95
47.5392	0.95
47.545	0.95
47.5508	0.95
47.5566	0.95
47.5624	0.95
47.5682	0.95
47.574	0.95
47.5798	0.95
47.5856	0.95
47.5914	0.95
47.5972	0.95
47.603	0.95
47.6088	0.95
47.6146	0.95
47.6204	0.95
47.6262	0.95
47.632	0.95
47.6378	0.95
47.6436	0.95
47.6494	0.95
47.6552	0.95
47.661	0.95
47.6668	0.95
47.6726	0.95
47.6784	0.95
47.6842	0.95
47.69	0.95
47.6958	0.95
47.7016	0.95
47.7074	0.95
47.7132	0.95
47.719	0.95
47.7248	0.95
47.7306	0.95
47.7364	0.95
47.7422	0.95
47.748	0.95
47.7538	0.95
47.7596	0.95
47.7654	0.95
47.7712	0.95
47.777	0.95
47.7828	0.95
47.7886	0.95
47.7944	0.95
47.8002	0.95
47.806	0.95
47.8118	0.95
47.8176	0.95
47.8234	0.95
47.8292	0.95
47.835	0.95
47.8408	0.95
47.8466	0.95
47.8524	0.95
47.8582	0.95
47.864	0.95
47.8698	0.95
47.8756	0.95
47.8814	0.95
47.8872	0.95
47.893	0.95
47.8988	0.95
47.9046	0.95
47.9104	0.95
47.9162	0.95
47.922	0.95
47.9278	0.95
47.9336	0.95
47.9394	0.95
47.9452	0.95
47.951	0.95
47.9568	0.95
47.9626	0.95
47.9684	0.95
47.9742	0.95
47.98	0.95
47.9858	0.95
47.9916	0.95
47.9974	0.95
48.0032	0.95
48.009	0.95
48.0148	0.95
48.0206	0.95
48.0264	0.95
48.0322	0.95
48.038	0.95
48.0438	0.95
48.0496	0.95
48.0554	0.95
48.0612	0.95
48.067	0.95
48.0728	0.95
48.0786	0.95
48.0844	0.95
48.0902	0.95
48.096	0.95
48.1018	0.95
48.1076	0.95
48.1134	0.95
48.1192	0.95
48.125	0.95
48.1308	0.95
48.1366	0.95
48.1424	0.95
48.1482	0.95
48.154	0.95
48.1598	0.95
48.1656	0.95
48.1714	0.95
48.1772	0.95
48.183	0.95
48.1888	0.95
48.1946	0.95
48.2004	0.95
48.2062	0.95
48.212	0.95
48.2178	0.95
48.2236	0.95
48.2294	0.95
48.2352	0.95
48.241	0.95
48.2468	0.95
48.2526	0.95
48.2584	0.95
48.2642	0.95
48.27	0.95
48.2758	0.95
48.2816	0.95
48.2874	0.95
48.2932	0.95
48.299	0.95
48.3048	0.95
48.3106	0.95
48.3164	0.95
48.3222	0.95
48.328	0.95
48.3338	0.95
48.3396	0.95
48.3454	0.95
48.3512	0.95
48.357	0.95
48.3628	0.95
48.3686	0.95
48.3744	0.95
48.3802	0.95
48.386	0.95
48.3918	0.95
48.3976	0.95
48.4034	0.95
48.4092	0.95
48.415	0.95
48.4208	0.95
48.4266	0.95
48.4324	0.95
48.4382	0.95
48.444	0.95
48.4498	0.95
48.4556	0.95
48.4614	0.95
48.4672	0.95
48.473	0.95
48.4788	0.95
48.4846	0.95
48.4904	0.95
48.4962	0.95
48.502	0.95
48.5078	0.95
48.5136	0.95
48.5194	0.95
48.5252	0.95
48.531	0.95
48.5368	0.95
48.5426	0.95
48.5484	0.95
48.5542	0.95
48.56	0.95
48.5658	0.95
48.5716	0.95
48.5774	0.95
48.5832	0.95
48.589	0.95
48.5948	0.95
48.6006	0.95
48.6064	0.95
48.6122	0.95
48.618	0.95
48.6238	0.95
48.6296	0.95
48.6354	0.95
48.6412	0.95
48.647	0.95
48.6528	0.95
48.6586	0.95
48.6644	0.95
48.6702	0.95
48.676	0.95
48.6818	0.95
48.6876	0.95
48.6934	0.95
48.6992	0.95
48.705	0.95
48.7108	0.95
48.7166	0.95
48.7224	0.95
48.7282	0.95
48.734	0.95
48.7398	0.95
48.7456	0.95
48.7514	0.95
48.7572	0.95
48.763	0.95
48.7688	0.95
48.7746	0.95
48.7804	0.95
48.7862	0.95
48.792	0.95
48.7978	0.95
48.8036	0.95
48.8094	0.95
48.8152	0.95
48.821	0.95
48.8268	0.95
48.8326	0.95
48.8384	0.95
48.8442	0.95
48.85	0.95
48.8558	0.95
48.8616	0.95
48.8674	0.95
48.8732	0.95
48.879	0.95
48.8848	0.95
48.8906	0.95
48.8964	0.95
48.9022	0.95
48.908	0.95
48.9138	0.95
48.9196	0.95
48.9254	0.95
48.9312	0.95
48.937	0.95
48.9428	0.95
48.9486	0.95
48.9544	0.95
48.9602	0.95
48.966	0.95
48.9718	0.95
48.9776	0.95
48.9834	0.95
48.9892	0.95
48.995	0.95
49.0008	0.95
49.0066	0.95
49.0124	0.95
49.0182	0.95
49.024	0.95
49.0298	0.95
49.0356	0.95
49.0414	0.95
49.0472	0.95
49.053	0.95
49.0588	0.95
49.0646	0.95
49.0704	0.95
49.0762	0.95
49.082	0.95
49.0878	0.95
49.0936	0.95
49.0994	0.95
49.1052	0.95
49.111	0.95
49.1168	0.95
49.1226	0.95
49.1284	0.95
49.1342	0.95
49.14	0.95
49.1458	0.95
49.1516	0.95
49.1574	0.95
49.1632	0.95
49.169	0.95
49.1748	0.95
49.1806	0.95
49.1864	0.95
49.1922	0.95
49.198	0.95
49.2038	0.95
49.2096	0.95
49.2154	0.95
49.2212	0.95
49.227	0.95
49.2328	0.95
49.2386	0.95
49.2444	0.95
49.2502	0.95
49.256	0.95
49.2618	0.95
49.2676	0.95
49.2734	0.95
49.2792	0.95
49.285	0.95
49.2908	0.95
49.2966	0.95
49.3024	0.95
49.3082	0.95
49.314	0.95
49.3198	0.95
49.3256	0.95
49.3314	0.95
49.3372	0.95
49.343	0.95
49.3488	0.95
49.3546	0.95
49.3604	0.95
49.3662	0.95
49.372	0.95
49.3778	0.95
49.3836	0.95
49.3894	0.95
49.3952	0.95
49.401	0.95
49.4068	0.95
49.4126	0.95
49.4184	0.95
49.4242	0.95
49.43	0.95
49.4358	0.95
49.4416	0.95
49.4474	0.95
49.4532	0.95
49.459	0.95
49.4648	0.95
49.4706	0.95
49.4764	0.95
49.4822	0.95
49.488	0.95
49.4938	0.95
49.4996	0.95
49.5054	0.95
49.5112	0.95
49.517	0.95
49.5228	0.95
49.5286	0.95
49.5344	0.95
49.5402	0.95
49.546	0.95
49.5518	0.95
49.5576	0.95
49.5634	0.95
49.5692	0.95
49.575	0.95
49.5808	0.95
49.5866	0.95
49.5924	0.95
49.5982	0.95
49.604	0.95
49.6098	0.95
49.6156	0.95
49.6214	0.95
49.6272	0.95
49.633	0.95
49.6388	0.95
49.6446	0.95
49.6504	0.95
49.6562	0.95
49.662	0.95
49.6678	0.95
49.6736	0.95
49.6794	0.95
49.6852	0.95
49.691	0.95
49.6968	0.95
49.7026	0.95
49.7084	0.95
49.7142	0.95
49.72	0.95
49.7258	0.95
49.7316	0.95
49.7374	0.95
49.7432	0.95
49.749	0.95
49.7548	0.95
49.7606	0.95
49.7664	0.95
49.7722	0.95
49.778	0.95
49.7838	0.95
49.7896	0.95
49.7954	0.95
49.8012	0.95
49.807	0.95
49.8128	0.95
49.8186	0.95
49.8244	0.95
49.8302	0.95
49.836	0.95
49.8418	0.95
49.8476	0.95
49.8534	0.95
49.8592	0.95
49.865	0.95
49.8708	0.95
49.8766	0.95
49.8824	0.95
49.8882	0.95
49.894	0.95
49.8998	0.95
49.9056	0.95
49.9114	0.95
49.9172	0.95
49.923	0.95
49.9288	0.95
49.9346	0.95
49.9404	0.95
49.9462	0.95
49.952	0.95
49.9578	0.95
49.9636	0.95
49.9694	0.95
49.9752	0.95
49.981	0.95
49.9868	0.95
49.9926	0.95
49.9984	0.95
