hpt_levels	hpt_fit
30	0.05
30.0071	0.05
30.0142	0.05
30.0213	0.05
30.0284	0.05
30.0355	0.05
30.0426	0.05
30.0497	0.05
30.0568	0.05
30.0639	0.05
30.071	0.05
30.0781	0.05
30.0852	0.05
30.0923	0.05
30.0994	0.05
30.1065	0.05
30.1136	0.05
30.1207	0.05
30.1278	0.05
30.1349	0.05
30.142	0.05
30.1491	0.05
30.1562	0.05
30.1633	0.05
30.1704	0.05
30.1775	0.05
30.1846	0.05
30.1917	0.05
30.1988	0.05
30.2059	0.05
30.213	0.05
30.2201	0.05
30.2272	0.05
30.2343	0.05
30.2414	0.05
30.2485	0.05
30.2556	0.05
30.2627	0.05
30.2698	0.05
30.2769	0.05
30.284	0.05
30.2911	0.05
30.2982	0.05
30.3053	0.05
30.3124	0.05
30.3195	0.05
30.3266	0.05
30.3337	0.05
30.3408	0.05
30.3479	0.05
30.355	0.05
30.3621	0.05
30.3692	0.05
30.3763	0.05
30.3834	0.05
30.3905	0.05
30.3976	0.05
30.4047	0.05
30.4118	0.05
30.4189	0.05
30.426	0.05
30.4331	0.05
30.4402	0.05
30.4473	0.05
30.4544	0.05
30.4615	0.05
30.4686	0.05
30.4757	0.05
30.4828	0.05
30.4899	0.05
30.497	0.05
30.5041	0.05
30.5112	0.05
30.5183	0.05
30.5254	0.05
30.5325	0.05
30.5396	0.05
30.5467	0.05
30.5538	0.05
30.5609	0.05
30.568	0.05
30.5751	0.05
30.5822	0.05
30.5893	0.05
30.5964	0.05
30.6035	0.05
30.6106	0.05
30.6177	0.05
30.6248	0.05
30.6319	0.05
30.639	0.05
30.6461	0.05
30.6532	0.05
30.6603	0.05
30.6674	0.05
30.6745	0.05
30.6816	0.05
30.6887	0.05
30.6958	0.05
30.7029	0.05
30.71	0.05
30.7171	0.05
30.7242	0.05
30.7313	0.05
30.7384	0.05
30.7455	0.05
30.7526	0.05
30.7597	0.05
30.7668	0.05
30.7739	0.05
30.781	0.05
30.7881	0.05
30.7952	0.05
30.8023	0.05
30.8094	0.05
30.8165	0.05
30.8236	0.05
30.8307	0.05
30.8378	0.05
30.8449	0.05
30.852	0.05
30.8591	0.05
30.8662	0.05
30.8733	0.05
30.8804	0.05
30.8875	0.05
30.8946	0.05
30.9017	0.05
30.9088	0.05
30.9159	0.05
30.923	0.05
30.9301	0.05
30.9372	0.05
30.9443	0.05
30.9514	0.05
30.9585	0.05
30.9656	0.05
30.9727	0.05
30.9798	0.05
30.9869	0.05
30.994	0.05
31.0011	0.05
31.0082	0.05
31.0153	0.05
31.0224	0.05
31.0295	0.05
31.0366	0.05
31.0437	0.05
31.0508	0.05
31.0579	0.05
31.065	0.05
31.0721	0.05
31.0792	0.05
31.0863	0.05
31.0934	0.05
31.1005	0.05
31.1076	0.05
31.1147	0.05
31.1218	0.05
31.1289	0.05
31.136	0.05
31.1431	0.05
31.1502	0.05
31.1573	0.05
31.1644	0.05
31.1715	0.05
31.1786	0.05
31.1857	0.05
31.1928	0.05
31.1999	0.05
31.207	0.05
31.2141	0.05
31.2212	0.05
31.2283	0.05
31.2354	0.05
31.2425	0.05
31.2496	0.05
31.2567	0.05
31.2638	0.05
31.2709	0.05
31.278	0.05
31.2851	0.05
31.2922	0.05
31.2993	0.05
31.3064	0.05
31.3135	0.05
31.3206	0.05
31.3277	0.05
31.3348	0.05
31.3419	0.05
31.349	0.05
31.3561	0.05
31.3632	0.05
31.3703	0.05
31.3774	0.05
31.3845	0.05
31.3916	0.05
31.3987	0.05
31.4058	0.05
31.4129	0.05
31.42	0.05
31.4271	0.05
31.4342	0.05
31.4413	0.05
31.4484	0.05
31.4555	0.05
31.4626	0.05
31.4697	0.05
31.4768	0.05
31.4839	0.05
31.491	0.05
31.4981	0.05
31.5052	0.05
31.5123	0.05
31.5194	0.05
31.5265	0.05
31.5336	0.05
31.5407	0.05
31.5478	0.05
31.5549	0.05
31.562	0.05
31.5691	0.05
31.5762	0.05
31.5833	0.05
31.5904	0.05
31.5975	0.05
31.6046	0.05
31.6117	0.05
31.6188	0.05
31.6259	0.05
31.633	0.05
31.6401	0.05
31.6472	0.05
31.6543	0.05
31.6614	0.05
31.6685	0.05
31.6756	0.05
31.6827	0.05
31.6898	0.05
31.6969	0.05
31.704	0.05
31.7111	0.05
31.7182	0.05
31.7253	0.05
31.7324	0.05
31.7395	0.05
31.7466	0.05
31.7537	0.05
31.7608	0.05
31.7679	0.05
31.775	0.05
31.7821	0.05
31.7892	0.05
31.7963	0.05
31.8034	0.05
31.8105	0.05
31.8176	0.05
31.8247	0.05
31.8318	0.05
31.8389	0.05
31.846	0.05
31.8531	0.05
31.8602	0.05
31.8673	0.05
31.8744	0.05
31.8815	0.05
31.8886	0.05
31.8957	0.05
31.9028	0.05
31.9099	0.05
31.917	0.05
31.9241	0.05
31.9312	0.05
31.9383	0.05
31.9454	0.05
31.9525	0.05
31.9596	0.05
31.9667	0.05
31.9738	0.05
31.9809	0.05
31.988	0.05
31.9951	0.05
32.0022	0.05
32.0093	0.05
32.0164	0.05
32.0235	0.05
32.0306	0.05
32.0377	0.05
32.0448	0.05
32.0519	0.05
32.059	0.05
32.0661	0.05
32.0732	0.05
32.0803	0.05
32.0874	0.05
32.0945	0.05
32.1016	0.05
32.1087	0.05
32.1158	0.05
32.1229	0.05
32.13	0.05
32.1371	0.05
32.1442	0.05
32.1513	0.05
32.1584	0.05
32.1655	0.05
32.1726	0.05
32.1797	0.05
32.1868	0.05
32.1939	0.05
32.201	0.05
32.2081	0.05
32.2152	0.05
32.2223	0.05
32.2294	0.05
32.2365	0.05
32.2436	0.05
32.2507	0.05
32.2578	0.05
32.2649	0.05
32.272	0.05
32.2791	0.05
32.2862	0.05
32.2933	0.05
32.3004	0.05
32.3075	0.05
32.3146	0.05
32.3217	0.05
32.3288	0.05
32.3359	0.05
32.343	0.05
32.3501	0.05
32.3572	0.05
32.3643	0.05
32.3714	0.05
32.3785	0.05
32.3856	0.05
32.3927	0.05
32.3998	0.05
32.4069	0.05
32.414	0.05
32.4211	0.05
32.4282	0.05
32.4353	0.05
32.4424	0.05
32.4495	0.05
32.4566	0.05
32.4637	0.05
32.4708	0.05
32.4779	0.05
32.485	0.05
32.4921	0.05
32.4992	0.05
32.5063	0.05
32.5134	0.05
32.5205	0.05
32.5276	0.05
32.5347	0.05
32.5418	0.05
32.5489	0.05
32.556	0.05
32.5631	0.05
32.5702	0.05
32.5773	0.05
32.5844	0.05
32.5915	0.05
32.5986	0.05
32.6057	0.05
32.6128	0.05
32.6199	0.05
32.627	0.05
32.6341	0.05
32.6412	0.05
32.6483	0.05
32.6554	0.05
32.6625	0.05
32.6696	0.05
32.6767	0.05
32.6838	0.05
32.6909	0.05
32.698	0.05
32.7051	0.05
32.7122	0.05
32.7193	0.05
32.7264	0.05
32.7335	0.05
32.7406	0.05
32.7477	0.05
32.7548	0.05
32.7619	0.05
32.769	0.05
32.7761	0.05
32.7832	0.05
32.7903	0.05
32.7974	0.05
32.8045	0.05
32.8116	0.05
32.8187	0.05
32.8258	0.05
32.8329	0.05
32.84	0.05
32.8471	0.05
32.8542	0.05
32.8613	0.05
32.8684	0.05
32.8755	0.05
32.8826	0.05
32.8897	0.05
32.8968	0.05
32.9039	0.05
32.911	0.05
32.9181	0.05
32.9252	0.05
32.9323	0.05
32.9394	0.05
32.9465	0.05
32.9536	0.05
32.9607	0.05
32.9678	0.05
32.9749	0.05
32.982	0.05
32.9891	0.05
32.9962	0.05
33.0033	0.05
33.0104	0.05
33.0175	0.05
33.0246	0.05
33.0317	0.05
33.0388	0.05
33.0459	0.05
33.053	0.05
33.0601	0.05
33.0672	0.05
33.0743	0.05
33.0814	0.05
33.0885	0.05
33.0956	0.05
33.1027	0.05
33.1098	0.05
33.1169	0.05
33.124	0.05
33.1311	0.05
33.1382	0.05
33.1453	0.05
33.1524	0.05
33.1595	0.05
33.1666	0.05
33.1737	0.05
33.1808	0.05
33.1879	0.05
33.195	0.05
33.2021	0.05
33.2092	0.05
33.2163	0.05
33.2234	0.05
33.2305	0.05
33.2376	0.05
33.2447	0.05
33.2518	0.05
33.2589	0.05
33.266	0.05
33.2731	0.05
33.2802	0.05
33.2873	0.05
33.2944	0.05
33.3015	0.05
33.3086	0.05
33.3157	0.05
33.3228	0.05
33.3299	0.05
33.337	0.05
33.3441	0.05
33.3512	0.05
33.3583	0.05
33.3654	0.05
33.3725	0.05
33.3796	0.05
33.3867	0.05
33.3938	0.05
33.4009	0.05
33.408	0.05
33.4151	0.05
33.4222	0.05
33.4293	0.05
33.4364	0.05
33.4435	0.05
33.4506	0.05
33.4577	0.05
33.4648	0.05
33.4719	0.05
33.479	0.05
33.4861	0.05
33.4932	0.05
33.5003	0.05
33.5074	0.05
33.5145	0.05
33.5216	0.05
33.5287	0.05
33.5358	0.05
33.5429	0.05
33.55	0.05
33.5571	0.05
33.5642	0.05
33.5713	0.05
33.5784	0.05
33.5855	0.05
33.5926	0.05
33.5997	0.05
33.6068	0.05
33.6139	0.05
33.621	0.05
33.6281	0.05
33.6352	0.05
33.6423	0.05
33.6494	0.05
33.6565	0.05
33.6636	0.05
33.6707	0.05
33.6778	0.05
33.6849	0.05
33.692	0.05
33.6991	0.05
33.7062	0.05
33.7133	0.05
33.7204	0.05
33.7275	0.05
33.7346	0.05
33.7417	0.05
33.7488	0.05
33.7559	0.05
33.763	0.05
33.7701	0.05
33.7772	0.05
33.7843	0.05
33.7914	0.05
33.7985	0.05
33.8056	0.05
33.8127	0.05
33.8198	0.05
33.8269	0.05
33.834	0.05
33.8411	0.05
33.8482	0.05
33.8553	0.05
33.8624	0.05
33.8695	0.05
33.8766	0.05
33.8837	0.05
33.8908	0.05
33.8979	0.05
33.905	0.05
33.9121	0.05
33.9192	0.05
33.9263	0.05
33.9334	0.05
33.9405	0.05
33.9476	0.05
33.9547	0.05
33.9618	0.05
33.9689	0.05
33.976	0.05
33.9831	0.05
33.9902	0.05
33.9973	0.05
34.0044	0.05
34.0115	0.05
34.0186	0.05
34.0257	0.05
34.0328	0.05
34.0399	0.05
34.047	0.05
34.0541	0.05
34.0612	0.05
34.0683	0.05
34.0754	0.05
34.0825	0.05
34.0896	0.05
34.0967	0.05
34.1038	0.05
34.1109	0.05
34.118	0.05
34.1251	0.05
34.1322	0.05
34.1393	0.05
34.1464	0.05
34.1535	0.05
34.1606	0.05
34.1677	0.05
34.1748	0.05
34.1819	0.05
34.189	0.05
34.1961	0.05
34.2032	0.05
34.2103	0.05
34.2174	0.05
34.2245	0.05
34.2316	0.05
34.2387	0.05
34.2458	0.05
34.2529	0.05
34.26	0.05
34.2671	0.05
34.2742	0.05
34.2813	0.05
34.2884	0.05
34.2955	0.05
34.3026	0.05
34.3097	0.05
34.3168	0.05
34.3239	0.05
34.331	0.05
34.3381	0.05
34.3452	0.05
34.3523	0.05
34.3594	0.05
34.3665	0.05
34.3736	0.05
34.3807	0.05
34.3878	0.05
34.3949	0.05
34.402	0.05
34.4091	0.05
34.4162	0.05
34.4233	0.05
34.4304	0.05
34.4375	0.05
34.4446	0.05
34.4517	0.05
34.4588	0.05
34.4659	0.05
34.473	0.05
34.4801	0.05
34.4872	0.05
34.4943	0.05
34.5014	0.05
34.5085	0.05
34.5156	0.05
34.5227	0.05
34.5298	0.05
34.5369	0.05
34.544	0.05
34.5511	0.05
34.5582	0.05
34.5653	0.05
34.5724	0.05
34.5795	0.05
34.5866	0.05
34.5937	0.05
34.6008	0.05
34.6079	0.05
34.615	0.05
34.6221	0.05
34.6292	0.05
34.6363	0.05
34.6434	0.05
34.6505	0.05
34.6576	0.05
34.6647	0.05
34.6718	0.05
34.6789	0.05
34.686	0.05
34.6931	0.05
34.7002	0.05
34.7073	0.05
34.7144	0.05
34.7215	0.05
34.7286	0.05
34.7357	0.05
34.7428	0.05
34.7499	0.05
34.757	0.05
34.7641	0.05
34.7712	0.05
34.7783	0.05
34.7854	0.05
34.7925	0.05
34.7996	0.05
34.8067	0.05
34.8138	0.05
34.8209	0.05
34.828	0.05
34.8351	0.05
34.8422	0.05
34.8493	0.05
34.8564	0.05
34.8635	0.05
34.8706	0.05
34.8777	0.05
34.8848	0.05
34.8919	0.05
34.899	0.05
34.9061	0.05
34.9132	0.05
34.9203	0.05
34.9274	0.05
34.9345	0.05
34.9416	0.05
34.9487	0.05
34.9558	0.05
34.9629	0.05
34.97	0.05
34.9771	0.05
34.9842	0.05
34.9913	0.05
34.9984	0.05
35.0055	0.05
35.0126	0.05
35.0197	0.05
35.0268	0.05
35.0339	0.05
35.041	0.05
35.0481	0.05
35.0552	0.05
35.0623	0.05
35.0694	0.05
35.0765	0.05
35.0836	0.05
35.0907	0.05
35.0978	0.05
35.1049	0.05
35.112	0.05
35.1191	0.05
35.1262	0.05
35.1333	0.05
35.1404	0.05
35.1475	0.05
35.1546	0.05
35.1617	0.05
35.1688	0.05
35.1759	0.05
35.183	0.05
35.1901	0.05
35.1972	0.05
35.2043	0.05
35.2114	0.05
35.2185	0.05
35.2256	0.05
35.2327	0.05
35.2398	0.05
35.2469	0.05
35.254	0.05
35.2611	0.05
35.2682	0.05
35.2753	0.05
35.2824	0.05
35.2895	0.05
35.2966	0.05
35.3037	0.05
35.3108	0.05
35.3179	0.05
35.325	0.05
35.3321	0.05
35.3392	0.05
35.3463	0.05
35.3534	0.05
35.3605	0.05
35.3676	0.05
35.3747	0.05
35.3818	0.05
35.3889	0.05
35.396	0.05
35.4031	0.05
35.4102	0.05
35.4173	0.05
35.4244	0.05
35.4315	0.05
35.4386	0.05
35.4457	0.05
35.4528	0.05
35.4599	0.05
35.467	0.05
35.4741	0.05
35.4812	0.05
35.4883	0.05
35.4954	0.05
35.5025	0.05
35.5096	0.05
35.5167	0.05
35.5238	0.05
35.5309	0.05
35.538	0.05
35.5451	0.05
35.5522	0.05
35.5593	0.05
35.5664	0.05
35.5735	0.05
35.5806	0.05
35.5877	0.05
35.5948	0.05
35.6019	0.05
35.609	0.05
35.6161	0.05
35.6232	0.05
35.6303	0.05
35.6374	0.05
35.6445	0.05
35.6516	0.05
35.6587	0.05
35.6658	0.05
35.6729	0.05
35.68	0.05
35.6871	0.05
35.6942	0.05
35.7013	0.05
35.7084	0.05
35.7155	0.05
35.7226	0.05
35.7297	0.05
35.7368	0.05
35.7439	0.05
35.751	0.05
35.7581	0.05
35.7652	0.05
35.7723	0.05
35.7794	0.05
35.7865	0.05
35.7936	0.05
35.8007	0.05
35.8078	0.05
35.8149	0.05
35.822	0.05
35.8291	0.05
35.8362	0.05
35.8433	0.05
35.8504	0.05
35.8575	0.05
35.8646	0.05
35.8717	0.05
35.8788	0.05
35.8859	0.05
35.893	0.05
35.9001	0.05
35.9072	0.05
35.9143	0.05
35.9214	0.05
35.9285	0.05
35.9356	0.05
35.9427	0.05
35.9498	0.05
35.9569	0.05
35.964	0.05
35.9711	0.05
35.9782	0.05
35.9853	0.05
35.9924	0.05
35.9995	0.05
36.0066	0.05
36.0137	0.05
36.0208	0.05
36.0279	0.05
36.035	0.05
36.0421	0.05
36.0492	0.05
36.0563	0.05
36.0634	0.05
36.0705	0.05
36.0776	0.05
36.0847	0.05
36.0918	0.05
36.0989	0.05
36.106	0.05
36.1131	0.05
36.1202	0.05
36.1273	0.05
36.1344	0.05
36.1415	0.05
36.1486	0.05
36.1557	0.05
36.1628	0.05
36.1699	0.05
36.177	0.05
36.1841	0.05
36.1912	0.05
36.1983	0.05
36.2054	0.05
36.2125	0.05
36.2196	0.05
36.2267	0.05
36.2338	0.05
36.2409	0.05
36.248	0.05
36.2551	0.05
36.2622	0.05
36.2693	0.05
36.2764	0.05
36.2835	0.05
36.2906	0.05
36.2977	0.05
36.3048	0.05
36.3119	0.05
36.319	0.05
36.3261	0.05
36.3332	0.05
36.3403	0.05
36.3474	0.05
36.3545	0.05
36.3616	0.05
36.3687	0.05
36.3758	0.05
36.3829	0.05
36.39	0.05
36.3971	0.05
36.4042	0.05
36.4113	0.05
36.4184	0.05
36.4255	0.05
36.4326	0.05
36.4397	0.05
36.4468	0.05
36.4539	0.05
36.461	0.05
36.4681	0.05
36.4752	0.05
36.4823	0.05
36.4894	0.05
36.4965	0.05
36.5036	0.05
36.5107	0.05
36.5178	0.05
36.5249	0.05
36.532	0.05
36.5391	0.05
36.5462	0.05
36.5533	0.05
36.5604	0.05
36.5675	0.05
36.5746	0.05
36.5817	0.05
36.5888	0.05
36.5959	0.05
36.603	0.05
36.6101	0.05
36.6172	0.05
36.6243	0.05
36.6314	0.05
36.6385	0.05
36.6456	0.05
36.6527	0.05
36.6598	0.05
36.6669	0.05
36.674	0.05
36.6811	0.05
36.6882	0.05
36.6953	0.05
36.7024	0.05
36.7095	0.05
36.7166	0.05
36.7237	0.05
36.7308	0.05
36.7379	0.05
36.745	0.05
36.7521	0.05
36.7592	0.05
36.7663	0.05
36.7734	0.05
36.7805	0.05
36.7876	0.05
36.7947	0.05
36.8018	0.05
36.8089	0.05
36.816	0.05
36.8231	0.05
36.8302	0.05
36.8373	0.05
36.8444	0.05
36.8515	0.05
36.8586	0.05
36.8657	0.05
36.8728	0.05
36.8799	0.05
36.887	0.05
36.8941	0.05
36.9012	0.05
36.9083	0.05
36.9154	0.05
36.9225	0.05
36.9296	0.05
36.9367	0.05
36.9438	0.05
36.9509	0.05
36.958	0.05
36.9651	0.05
36.9722	0.05
36.9793	0.05
36.9864	0.05
36.9935	0.05
37.0006	0.05
37.0077	0.05
37.0148	0.05
37.0219	0.05
37.029	0.05
37.0361	0.05
37.0432	0.05
37.0503	0.05
37.0574	0.05
37.0645	0.05
37.0716	0.05
37.0787	0.05
37.0858	0.05
37.0929	0.05
37.1	0.05
37.1071	0.05
37.1142	0.05
37.1213	0.05
37.1284	0.05
37.1355	0.05
37.1426	0.05
37.1497	0.05
37.1568	0.05
37.1639	0.05
37.171	0.05
37.1781	0.05
37.1852	0.05
37.1923	0.05
37.1994	0.05
37.2065	0.05
37.2136	0.05
37.2207	0.05
37.2278	0.05
37.2349	0.05
37.242	0.05
37.2491	0.05
37.2562	0.05
37.2633	0.05
37.2704	0.05
37.2775	0.05
37.2846	0.05
37.2917	0.05
37.2988	0.05
37.3059	0.05
37.313	0.05
37.3201	0.05
37.3272	0.05
37.3343	0.05
37.3414	0.05
37.3485	0.05
37.3556	0.05
37.3627	0.05
37.3698	0.05
37.3769	0.05
37.384	0.05
37.3911	0.05
37.3982	0.05
37.4053	0.05
37.4124	0.05
37.4195	0.05
37.4266	0.05
37.4337	0.05
37.4408	0.05
37.4479	0.05
37.455	0.05
37.4621	0.05
37.4692	0.05
37.4763	0.05
37.4834	0.05
37.4905	0.05
37.4976	0.05
37.5047	0.05
37.5118	0.05
37.5189	0.05
37.526	0.05
37.5331	0.05
37.5402	0.05
37.5473	0.05
37.5544	0.05
37.5615	0.05
37.5686	0.05
37.5757	0.05
37.5828	0.05
37.5899	0.05
37.597	0.05
37.6041	0.05
37.6112	0.05
37.6183	0.05
37.6254	0.05
37.6325	0.05
37.6396	0.05
37.6467	0.05
37.6538	0.05
37.6609	0.05
37.668	0.05
37.6751	0.05
37.6822	0.05
37.6893	0.05
37.6964	0.05
37.7035	0.05
37.7106	0.05
37.7177	0.05
37.7248	0.05
37.7319	0.05
37.739	0.05
37.7461	0.05
37.7532	0.05
37.7603	0.05
37.7674	0.05
37.7745	0.05
37.7816	0.05
37.7887	0.05
37.7958	0.05
37.8029	0.05
37.81	0.05
37.8171	0.05
37.8242	0.05
37.8313	0.05
37.8384	0.05
37.8455	0.05
37.8526	0.05
37.8597	0.05
37.8668	0.05
37.8739	0.05
37.881	0.05
37.8881	0.05
37.8952	0.05
37.9023	0.05
37.9094	0.05
37.9165	0.05
37.9236	0.05
37.9307	0.05
37.9378	0.05
37.9449	0.05
37.952	0.05
37.9591	0.05
37.9662	0.05
37.9733	0.05
37.9804	0.05
37.9875	0.05
37.9946	0.05
38.0017	0.05
38.0088	0.05
38.0159	0.05
38.023	0.05
38.0301	0.05
38.0372	0.05
38.0443	0.05
38.0514	0.05
38.0585	0.05
38.0656	0.05
38.0727	0.05
38.0798	0.05
38.0869	0.05
38.094	0.05
38.1011	0.05
38.1082	0.05
38.1153	0.05
38.1224	0.05
38.1295	0.05
38.1366	0.05
38.1437	0.05
38.1508	0.05
38.1579	0.05
38.165	0.05
38.1721	0.05
38.1792	0.05
38.1863	0.05
38.1934	0.05
38.2005	0.05
38.2076	0.05
38.2147	0.05
38.2218	0.0500000000000001
38.2289	0.0500000000000001
38.236	0.0500000000000001
38.2431	0.0500000000000001
38.2502	0.0500000000000001
38.2573	0.0500000000000001
38.2644	0.0500000000000002
38.2715	0.0500000000000002
38.2786	0.0500000000000002
38.2857	0.0500000000000003
38.2928	0.0500000000000004
38.2999	0.0500000000000004
38.307	0.0500000000000005
38.3141	0.0500000000000006
38.3212	0.0500000000000008
38.3283	0.0500000000000009
38.3354	0.0500000000000011
38.3425	0.0500000000000014
38.3496	0.0500000000000017
38.3567	0.050000000000002
38.3638	0.0500000000000024
38.3709	0.050000000000003
38.378	0.0500000000000036
38.3851	0.0500000000000043
38.3922	0.0500000000000052
38.3993	0.0500000000000063
38.4064	0.0500000000000076
38.4135	0.0500000000000091
38.4206	0.050000000000011
38.4277	0.0500000000000132
38.4348	0.0500000000000159
38.4419	0.0500000000000191
38.449	0.050000000000023
38.4561	0.0500000000000276
38.4632	0.0500000000000331
38.4703	0.0500000000000397
38.4774	0.0500000000000475
38.4845	0.050000000000057
38.4916	0.0500000000000682
38.4987	0.0500000000000816
38.5058	0.0500000000000976
38.5129	0.0500000000001167
38.52	0.0500000000001394
38.5271	0.0500000000001665
38.5342	0.0500000000001986
38.5413	0.0500000000002369
38.5484	0.0500000000002824
38.5555	0.0500000000003364
38.5626	0.0500000000004005
38.5697	0.0500000000004766
38.5768	0.0500000000005668
38.5839	0.0500000000006738
38.591	0.0500000000008004
38.5981	0.0500000000009503
38.6052	0.0500000000011277
38.6123	0.0500000000013374
38.6194	0.0500000000015852
38.6265	0.0500000000018779
38.6336	0.0500000000022234
38.6407	0.050000000002631
38.6478	0.0500000000031115
38.6549	0.0500000000036777
38.662	0.0500000000043445
38.6691	0.0500000000051294
38.6762	0.0500000000060526
38.6833	0.050000000007138
38.6904	0.0500000000084133
38.6975	0.0500000000099108
38.7046	0.0500000000116684
38.7117	0.05000000001373
38.7188	0.0500000000161468
38.7259	0.0500000000189783
38.733	0.0500000000222938
38.7401	0.0500000000261739
38.7472	0.0500000000307121
38.7543	0.050000000036017
38.7614	0.0500000000422144
38.7685	0.0500000000494506
38.7756	0.0500000000578947
38.7827	0.0500000000677427
38.7898	0.0500000000792216
38.7969	0.0500000000925935
38.804	0.050000000108162
38.8111	0.0500000001262774
38.8182	0.0500000001473444
38.8253	0.0500000001718297
38.8324	0.0500000002002719
38.8395	0.0500000002332913
38.8466	0.0500000002716027
38.8537	0.0500000003160289
38.8608	0.0500000003675163
38.8679	0.050000000427153
38.875	0.0500000004961894
38.8821	0.0500000005760613
38.8892	0.0500000006684165
38.8963	0.0500000007751449
38.9034	0.0500000008984129
38.9105	0.050000001040702
38.9176	0.0500000012048535
38.9247	0.050000001394118
38.9318	0.0500000016122126
38.9389	0.0500000018633851
38.946	0.0500000021524868
38.9531	0.050000002485055
38.9602	0.0500000028674059
38.9673	0.05000000330674
38.9744	0.0500000038112608
38.9815	0.0500000043903091
38.9886	0.0500000050545136
38.9957	0.0500000058159617
39.0028	0.0500000066883908
39.0099	0.0500000076874044
39.017	0.0500000088307146
39.0241	0.0500000101384147
39.0312	0.0500000116332855
39.0383	0.0500000133411388
39.0454	0.0500000152912028
39.0525	0.0500000175165542
39.0596	0.0500000200546016
39.0667	0.050000022947627
39.0738	0.0500000262433918
39.0809	0.0500000299958128
39.088	0.0500000342657188
39.0951	0.0500000391216943
39.1022	0.0500000446410205
39.1093	0.0500000509107247
39.1164	0.0500000580287487
39.1235	0.0500000661052497
39.1306	0.0500000752640474
39.1377	0.0500000856442321
39.1448	0.0500000974019521
39.1519	0.0500001107123963
39.159	0.0500001257719949
39.1661	0.0500001428008578
39.1732	0.0500001620454765
39.1803	0.0500001837817146
39.1874	0.0500002083181157
39.1945	0.0500002359995603
39.2016	0.050000267211305
39.2087	0.0500003023834416
39.2158	0.0500003419958149
39.2229	0.0500003865834446
39.23	0.0500004367424961
39.2371	0.0500004931368536
39.2442	0.0500005565053497
39.2513	0.0500006276697108
39.2584	0.050000707543285
39.2655	0.0500007971406197
39.2726	0.0500008975879667
39.2797	0.0500010101347948
39.2868	0.0500011361663968
39.2939	0.0500012772176868
39.301	0.0500014349882866
39.3081	0.050001611359011
39.3152	0.0500018084098688
39.3223	0.0500020284397017
39.3294	0.0500022739875974
39.3365	0.0500025478562169
39.3436	0.0500028531371899
39.3507	0.0500031932387391
39.3578	0.0500035719157074
39.3649	0.0500039933021718
39.372	0.050004461946839
39.3791	0.0500049828514311
39.3862	0.0500055615122816
39.3933	0.0500062039653749
39.4004	0.0500069168350759
39.4075	0.0500077073868117
39.4146	0.05000858358398
39.4217	0.0500095541493743
39.4288	0.0500106286314323
39.4359	0.0500118174756282
39.443	0.0500131321013464
39.4501	0.05001458498459
39.4572	0.050016189746894
39.4643	0.0500179612508307
39.4714	0.0500199157025107
39.4785	0.0500220707614995
39.4856	0.0500244456585883
39.4927	0.0500270613218734
39.4998	0.050029940511614
39.5069	0.0500331079643579
39.514	0.0500365905468373
39.5211	0.0500404174201541
39.5282	0.0500446202147885
39.5353	0.05004923321698
39.5424	0.0500542935670408
39.5495	0.0500598414701758
39.5566	0.0500659204203936
39.5637	0.0500725774381035
39.5708	0.0500798633219986
39.5779	0.0500878329158354
39.585	0.050096545390722
39.5921	0.0501060645435289
39.5992	0.0501164591120387
39.6063	0.0501278031074454
39.6134	0.0501401761648091
39.6205	0.0501536639120659
39.6276	0.0501683583581756
39.6347	0.0501843583009794
39.6418	0.050201769755318
39.6489	0.0502207064019359
39.656	0.0502412900576744
39.6631	0.0502636511674181
39.6702	0.0502879293182276
39.6773	0.0503142737760457
39.6844	0.05034284404532
39.6915	0.0503738104518287
39.6986	0.0504073547489418
39.7057	0.0504436707474829
39.7128	0.0504829649692863
39.7199	0.0505254573244701
39.727	0.0505713818123594
39.7341	0.0506209872459062
39.7412	0.0506745379993556
39.7483	0.050732314778804
39.7554	0.0507946154151865
39.7625	0.0508617556791123
39.7696	0.0509340701168438
39.7767	0.0510119129065854
39.7838	0.0510956587341089
39.7909	0.0511857036866005
39.798	0.0512824661634631
39.8051	0.0513863878026521
39.8122	0.051497934420959
39.8193	0.0516175969664923
39.8264	0.0517458924814289
39.8335	0.0518833650729326
39.8406	0.0520305868899563
39.8477	0.0521881591034557
39.8548	0.0523567128873546
39.8619	0.052536910397413
39.869	0.05272944574495
39.8761	0.0529350459621904
39.8832	0.0531544719557956
39.8903	0.0533885194449618
39.8974	0.0536380198802645
39.9045	0.0539038413392488
39.9116	0.054186889394577
39.9187	0.054488107950363
39.9258	0.0548084800421592
39.9329	0.0551490285958855
39.94	0.0555108171408408
39.9471	0.0558949504717896
39.9542	0.0563025752549725
39.9613	0.0567348805727904
39.9684	0.057193098401768
39.9755	0.0576785040183474
39.9826	0.0581924163269592
39.9897	0.0587361981047735
39.9968	0.0593112561574969
40.0039	0.0599190413805521
40.011	0.0605610487200004
40.0181	0.0612388170275849
40.0252	0.0619539288043201
40.0323	0.0627080098271551
40.0394	0.0635027286533212
40.0465	0.0643397959971226
40.0536	0.0652209639740958
40.0607	0.066148025207631
40.0678	0.0671228117934301
40.0749	0.068147194117349
40.082	0.0692230795225404
40.0891	0.0703524108220759
40.0962	0.071537164653599
40.1033	0.0727793496729481
40.1104	0.0740810045840735
40.1175	0.0754441960030631
40.1246	0.0768710161545245
40.1317	0.0783635803990996
40.1388	0.079924024591429
40.1459	0.081554502268402
40.153	0.083257181668214
40.1601	0.0850342425812297
40.1672	0.0868878730344266
40.1743	0.0888202658117588
40.1814	0.0908336148134995
40.1885	0.0929301112583208
40.1956	0.0951119397325371
40.2027	0.0973812740917334
40.2098	0.099740273220657
40.2169	0.102191076658031
40.224	0.104735800093689
40.2311	0.107376530746118
40.2382	0.110115322629319
40.2453	0.112954191718535
40.2524	0.115895111025168
40.2595	0.118940005591871
40.2666	0.122090747419504
40.2737	0.125349150338319
40.2808	0.128716964836275
40.2879	0.132195872858151
40.295	0.135787482589508
40.3021	0.139493323240216
40.3092	0.143314839842692
40.3163	0.147253388080388
40.3234	0.151310229162587
40.3305	0.155486524761757
40.3376	0.159783332030098
40.3447	0.164201598712102
40.3518	0.16874215837004
40.3589	0.173405725739608
40.366	0.17819289223264
40.3731	0.183104121604124
40.3802	0.18813974580039
40.3873	0.193299961005277
40.3944	0.198584823900821
40.4015	0.203994248158598
40.4086	0.209528001177615
40.4157	0.215185701083995
40.4228	0.220966814007259
40.4299	0.226870651647388
40.437	0.232896369146032
40.4441	0.239042963274698
40.4512	0.245309270951683
40.4583	0.251693968098775
40.4654	0.258195568847726
40.4725	0.264812425105491
40.4796	0.271542726486206
40.4867	0.278384500616603
40.4938	0.285335613820622
40.5009	0.29239377218754
40.508	0.299556523026805
40.5151	0.306821256711484
40.5222	0.314185208910777
40.5293	0.321645463210954
40.5364	0.32919895412248
40.5435	0.336842470469869
40.5506	0.344572659159395
40.5577	0.352386029318424
40.5648	0.360278956798821
40.5719	0.368247689035384
40.579	0.376288350249208
40.5861	0.384396946984322
40.5932	0.392569373964819
40.6003	0.400801420258499
40.6074	0.409088775731705
40.6145	0.417427037779173
40.6216	0.4258117183114
40.6287	0.434238250981166
40.6358	0.442701998629927
40.6429	0.4511982609337
40.65	0.459722282227802
40.6571	0.468269259488329
40.6642	0.476834350448407
40.6713	0.48541268182618
40.6784	0.493999357641287
40.6855	0.502589467596229
40.6926	0.511178095498578
40.6997	0.519760327700136
40.7068	0.528331261528777
40.7139	0.536886013688895
40.721	0.545419728606522
40.7281	0.553927586695227
40.7352	0.562404812519511
40.7423	0.570846682832545
40.7494	0.57924853446575
40.7565	0.587605772048271
40.7636	0.59591387553506
40.7707	0.604168407523096
40.7778	0.612365020335945
40.7849	0.620499462858027
40.792	0.628567587100693
40.7991	0.636565354483381
40.8062	0.644488841814238
40.8133	0.652334246955594
40.8204	0.660097894161145
40.8275	0.667776239072673
40.8346	0.67536587336558
40.8417	0.682863529033814
40.8488	0.690266082305898
40.8559	0.697570557185607
40.863	0.704774128611496
40.8701	0.711874125231558
40.8772	0.718868031790162
40.8843	0.725753491126009
40.8914	0.732528305781159
40.8985	0.739190439222391
40.9056	0.74573801667767
40.9127	0.75216932559155
40.9198	0.758482815704696
40.9269	0.764677098763894
40.934	0.770750947869923
40.9411	0.776703296472091
40.9482	0.782533237018778
40.9553	0.788240019274818
40.9624	0.793823048317116
40.9695	0.799281882220924
40.9766	0.804616229449947
40.9837	0.809825945964116
40.9908	0.814911032059642
40.9979	0.819871628956411
41.005	0.824708015148347
41.0121	0.82942060253282
41.0192	0.834009932335436
41.0263	0.838476670846988
41.0334	0.842821604989391
41.0405	0.847045637727669
41.0476	0.851149783345084
41.0547	0.85513516259851
41.0618	0.85900299777109
41.0689	0.862754607639018
41.076	0.866391402369221
41.0831	0.869914878364304
41.0902	0.873326613070911
41.0973	0.87662825976726
41.1044	0.879821542345137
41.1115	0.882908250101274
41.1186	0.885890232552415
41.1257	0.888769394287885
41.1328	0.891547689872898
41.1399	0.894227118815122
41.147	0.896809720606585
41.1541	0.899297569852032
41.1612	0.90169277149445
41.1683	0.903997456147556
41.1754	0.906213775544421
41.1825	0.908343898110664
41.1896	0.910390004669852
41.1967	0.912354284288098
41.2038	0.914238930264022
41.2109	0.916046136269566
41.218	0.917778092646401
41.2251	0.919436982861921
41.2322	0.921024980128231
41.2393	0.922544244186666
41.2464	0.923996918259894
41.2535	0.925385126172888
41.2606	0.926710969643475
41.2677	0.927976525742576
41.2748	0.929183844523639
41.2819	0.930334946820272
41.289	0.93143182221052
41.2961	0.932476427145771
41.3032	0.933470683241809
41.3103	0.93441647572909
41.3174	0.935315652058958
41.3245	0.936170020662125
41.3316	0.936981349855408
41.3387	0.937751366892444
41.3458	0.938481757153804
41.3529	0.93917416347171
41.36	0.939830185584342
41.3671	0.940451379714572
41.3742	0.941039258267763
41.3813	0.941595289643223
41.3884	0.942120898153744
41.3955	0.942617464047643
41.4026	0.943086323627666
41.4097	0.943528769461085
41.4168	0.943946050675357
41.4239	0.944339373333719
41.431	0.944709900885147
41.4381	0.945058754683201
41.4452	0.945387014568307
41.4523	0.945695719508208
41.4594	0.945985868291351
41.4665	0.94625842026818
41.4736	0.946514296135382
41.4807	0.946754378758345
41.4878	0.946979514027203
41.4949	0.947190511742041
41.502	0.947388146522993
41.5091	0.947573158741159
41.5162	0.947746255466458
41.5233	0.9479081114287
41.5304	0.948059369988379
41.5375	0.948200644113878
41.5446	0.948332517361949
41.5517	0.948455544858557
41.5588	0.948570254277343
41.5659	0.94867714681316
41.573	0.948776698148332
41.5801	0.948869359409456
41.5872	0.948955558112744
41.5943	0.949035699096097
41.6014	0.949110165436262
41.6085	0.949179319349562
41.6156	0.949243503074908
41.6227	0.949303039737888
41.6298	0.949358234194917
41.6369	0.949409373856563
41.644	0.949456729489285
41.6511	0.949500555994964
41.6582	0.949541093167703
41.6653	0.949578566427517
41.6724	0.949613187530612
41.6795	0.94964515525606
41.6866	0.949674656068779
41.6937	0.949701864758794
41.7008	0.949726945056859
41.7079	0.949750050226562
41.715	0.949771323633129
41.7221	0.949790899289199
41.7292	0.949808902377872
41.7363	0.949825449753417
41.7434	0.949840650420051
41.7505	0.949854605989241
41.7576	0.949867411116011
41.7647	0.949879153914785
41.7718	0.949889916355291
41.7789	0.949899774639105
41.786	0.949908799557399
41.7931	0.949917056830506
41.8002	0.949924607429877
41.8073	0.949931507883073
41.8144	0.949937810562382
41.8215	0.949943563957676
41.8286	0.949948812934148
41.8357	0.949953598975502
41.8428	0.949957960413228
41.8499	0.949961932642554
41.857	0.949965548325654
41.8641	0.9499688375827
41.8712	0.949971828171321
41.8783	0.949974545655021
41.8854	0.949977013561097
41.8925	0.949979253528588
41.8996	0.949981285446747
41.9067	0.949983127584558
41.9138	0.949984796711741
41.9209	0.949986308211741
41.928	0.949987676187123
41.9351	0.9499889135578
41.9422	0.949990032152526
41.9493	0.949991042794015
41.9564	0.949991955378091
41.9635	0.949992778947219
41.9706	0.949993521758754
41.9777	0.949994191348244
41.9848	0.949994794588098
41.9919	0.94999533774191
41.999	0.949995826514728
42.0061	0.94999626609953
42.0132	0.949996661220155
42.0203	0.949997016170939
42.0274	0.949997334853271
42.0345	0.949997620809291
42.0416	0.949997877252917
42.0487	0.949998107098405
42.0558	0.949998312986608
42.0629	0.949998497309108
42.07	0.949998662230371
42.0771	0.949998809708072
42.0842	0.949998941511734
42.0913	0.949999059239797
42.0984	0.94999916433525
42.1055	0.949999258099929
42.1126	0.94999934170758
42.1197	0.949999416215798
42.1268	0.949999482576923
42.1339	0.949999541647977
42.141	0.949999594199717
42.1481	0.949999640924887
42.1552	0.949999682445723
42.1623	0.94999971932078
42.1694	0.949999752051135
42.1765	0.949999781086022
42.1836	0.949999806827944
42.1907	0.94999982963731
42.1978	0.949999849836635
42.2049	0.949999867714347
42.212	0.949999883528225
42.2191	0.949999897508518
42.2262	0.949999909860753
42.2333	0.949999920768278
42.2404	0.949999930394555
42.2475	0.949999938885223
42.2546	0.949999946369964
42.2617	0.949999952964178
42.2688	0.949999958770496
42.2759	0.949999963880133
42.283	0.949999968374106
42.2901	0.949999972324337
42.2972	0.949999975794628
42.3043	0.949999978841545
42.3114	0.949999981515209
42.3185	0.949999983860001
42.3256	0.949999985915198
42.3327	0.949999987715535
42.3398	0.949999989291714
42.3469	0.949999990670856
42.354	0.949999991876901
42.3611	0.949999992930971
42.3682	0.94999999385169
42.3753	0.949999994655467
42.3824	0.949999995356755
42.3895	0.949999995968271
42.3966	0.949999996501201
42.4037	0.94999999696538
42.4108	0.949999997369445
42.4179	0.94999999772098
42.425	0.949999998026639
42.4321	0.949999998292257
42.4392	0.949999998522947
42.4463	0.949999998723188
42.4534	0.949999998896899
42.4605	0.949999999047508
42.4676	0.949999999178014
42.4747	0.949999999291034
42.4818	0.949999999388856
42.4889	0.949999999473476
42.496	0.949999999546632
42.5031	0.949999999609842
42.5102	0.949999999664427
42.5173	0.949999999711536
42.5244	0.949999999752171
42.5315	0.949999999787201
42.5386	0.949999999817382
42.5457	0.949999999843369
42.5528	0.949999999865734
42.5599	0.94999999988497
42.567	0.949999999901505
42.5741	0.949999999915711
42.5812	0.949999999927908
42.5883	0.949999999938374
42.5954	0.949999999947351
42.6025	0.949999999955045
42.6096	0.949999999961636
42.6167	0.94999999996728
42.6238	0.949999999972108
42.6309	0.949999999976238
42.638	0.949999999979767
42.6451	0.949999999982782
42.6522	0.949999999985356
42.6593	0.949999999987552
42.6664	0.949999999989425
42.6735	0.949999999991021
42.6806	0.94999999999238
42.6877	0.949999999993537
42.6948	0.949999999994522
42.7019	0.949999999995359
42.709	0.94999999999607
42.7161	0.949999999996675
42.7232	0.949999999997188
42.7303	0.949999999997623
42.7374	0.949999999997992
42.7445	0.949999999998304
42.7516	0.949999999998569
42.7587	0.949999999998793
42.7658	0.949999999998983
42.7729	0.949999999999143
42.78	0.949999999999278
42.7871	0.949999999999393
42.7942	0.949999999999489
42.8013	0.949999999999571
42.8084	0.949999999999639
42.8155	0.949999999999697
42.8226	0.949999999999746
42.8297	0.949999999999787
42.8368	0.949999999999821
42.8439	0.94999999999985
42.851	0.949999999999875
42.8581	0.949999999999895
42.8652	0.949999999999912
42.8723	0.949999999999927
42.8794	0.949999999999939
42.8865	0.949999999999949
42.8936	0.949999999999957
42.9007	0.949999999999964
42.9078	0.94999999999997
42.9149	0.949999999999975
42.922	0.949999999999979
42.9291	0.949999999999983
42.9362	0.949999999999986
42.9433	0.949999999999988
42.9504	0.94999999999999
42.9575	0.949999999999992
42.9646	0.949999999999993
42.9717	0.949999999999994
42.9788	0.949999999999995
42.9859	0.949999999999996
42.993	0.949999999999997
43.0001	0.949999999999997
43.0072	0.949999999999998
43.0143	0.949999999999998
43.0214	0.949999999999999
43.0285	0.949999999999999
43.0356	0.949999999999999
43.0427	0.949999999999999
43.0498	0.949999999999999
43.0569	0.949999999999999
43.064	0.95
43.0711	0.95
43.0782	0.95
43.0853	0.95
43.0924	0.95
43.0995	0.95
43.1066	0.95
43.1137	0.95
43.1208	0.95
43.1279	0.95
43.135	0.95
43.1421	0.95
43.1492	0.95
43.1563	0.95
43.1634	0.95
43.1705	0.95
43.1776	0.95
43.1847	0.95
43.1918	0.95
43.1989	0.95
43.206	0.95
43.2131	0.95
43.2202	0.95
43.2273	0.95
43.2344	0.95
43.2415	0.95
43.2486	0.95
43.2557	0.95
43.2628	0.95
43.2699	0.95
43.277	0.95
43.2841	0.95
43.2912	0.95
43.2983	0.95
43.3054	0.95
43.3125	0.95
43.3196	0.95
43.3267	0.95
43.3338	0.95
43.3409	0.95
43.348	0.95
43.3551	0.95
43.3622	0.95
43.3693	0.95
43.3764	0.95
43.3835	0.95
43.3906	0.95
43.3977	0.95
43.4048	0.95
43.4119	0.95
43.419	0.95
43.4261	0.95
43.4332	0.95
43.4403	0.95
43.4474	0.95
43.4545	0.95
43.4616	0.95
43.4687	0.95
43.4758	0.95
43.4829	0.95
43.49	0.95
43.4971	0.95
43.5042	0.95
43.5113	0.95
43.5184	0.95
43.5255	0.95
43.5326	0.95
43.5397	0.95
43.5468	0.95
43.5539	0.95
43.561	0.95
43.5681	0.95
43.5752	0.95
43.5823	0.95
43.5894	0.95
43.5965	0.95
43.6036	0.95
43.6107	0.95
43.6178	0.95
43.6249	0.95
43.632	0.95
43.6391	0.95
43.6462	0.95
43.6533	0.95
43.6604	0.95
43.6675	0.95
43.6746	0.95
43.6817	0.95
43.6888	0.95
43.6959	0.95
43.703	0.95
43.7101	0.95
43.7172	0.95
43.7243	0.95
43.7314	0.95
43.7385	0.95
43.7456	0.95
43.7527	0.95
43.7598	0.95
43.7669	0.95
43.774	0.95
43.7811	0.95
43.7882	0.95
43.7953	0.95
43.8024	0.95
43.8095	0.95
43.8166	0.95
43.8237	0.95
43.8308	0.95
43.8379	0.95
43.845	0.95
43.8521	0.95
43.8592	0.95
43.8663	0.95
43.8734	0.95
43.8805	0.95
43.8876	0.95
43.8947	0.95
43.9018	0.95
43.9089	0.95
43.916	0.95
43.9231	0.95
43.9302	0.95
43.9373	0.95
43.9444	0.95
43.9515	0.95
43.9586	0.95
43.9657	0.95
43.9728	0.95
43.9799	0.95
43.987	0.95
43.9941	0.95
44.0012	0.95
44.0083	0.95
44.0154	0.95
44.0225	0.95
44.0296	0.95
44.0367	0.95
44.0438	0.95
44.0509	0.95
44.058	0.95
44.0651	0.95
44.0722	0.95
44.0793	0.95
44.0864	0.95
44.0935	0.95
44.1006	0.95
44.1077	0.95
44.1148	0.95
44.1219	0.95
44.129	0.95
44.1361	0.95
44.1432	0.95
44.1503	0.95
44.1574	0.95
44.1645	0.95
44.1716	0.95
44.1787	0.95
44.1858	0.95
44.1929	0.95
44.2	0.95
44.2071	0.95
44.2142	0.95
44.2213	0.95
44.2284	0.95
44.2355	0.95
44.2426	0.95
44.2497	0.95
44.2568	0.95
44.2639	0.95
44.271	0.95
44.2781	0.95
44.2852	0.95
44.2923	0.95
44.2994	0.95
44.3065	0.95
44.3136	0.95
44.3207	0.95
44.3278	0.95
44.3349	0.95
44.342	0.95
44.3491	0.95
44.3562	0.95
44.3633	0.95
44.3704	0.95
44.3775	0.95
44.3846	0.95
44.3917	0.95
44.3988	0.95
44.4059	0.95
44.413	0.95
44.4201	0.95
44.4272	0.95
44.4343	0.95
44.4414	0.95
44.4485	0.95
44.4556	0.95
44.4627	0.95
44.4698	0.95
44.4769	0.95
44.484	0.95
44.4911	0.95
44.4982	0.95
44.5053	0.95
44.5124	0.95
44.5195	0.95
44.5266	0.95
44.5337	0.95
44.5408	0.95
44.5479	0.95
44.555	0.95
44.5621	0.95
44.5692	0.95
44.5763	0.95
44.5834	0.95
44.5905	0.95
44.5976	0.95
44.6047	0.95
44.6118	0.95
44.6189	0.95
44.626	0.95
44.6331	0.95
44.6402	0.95
44.6473	0.95
44.6544	0.95
44.6615	0.95
44.6686	0.95
44.6757	0.95
44.6828	0.95
44.6899	0.95
44.697	0.95
44.7041	0.95
44.7112	0.95
44.7183	0.95
44.7254	0.95
44.7325	0.95
44.7396	0.95
44.7467	0.95
44.7538	0.95
44.7609	0.95
44.768	0.95
44.7751	0.95
44.7822	0.95
44.7893	0.95
44.7964	0.95
44.8035	0.95
44.8106	0.95
44.8177	0.95
44.8248	0.95
44.8319	0.95
44.839	0.95
44.8461	0.95
44.8532	0.95
44.8603	0.95
44.8674	0.95
44.8745	0.95
44.8816	0.95
44.8887	0.95
44.8958	0.95
44.9029	0.95
44.91	0.95
44.9171	0.95
44.9242	0.95
44.9313	0.95
44.9384	0.95
44.9455	0.95
44.9526	0.95
44.9597	0.95
44.9668	0.95
44.9739	0.95
44.981	0.95
44.9881	0.95
44.9952	0.95
45.0023	0.95
45.0094	0.95
45.0165	0.95
45.0236	0.95
45.0307	0.95
45.0378	0.95
45.0449	0.95
45.052	0.95
45.0591	0.95
45.0662	0.95
45.0733	0.95
45.0804	0.95
45.0875	0.95
45.0946	0.95
45.1017	0.95
45.1088	0.95
45.1159	0.95
45.123	0.95
45.1301	0.95
45.1372	0.95
45.1443	0.95
45.1514	0.95
45.1585	0.95
45.1656	0.95
45.1727	0.95
45.1798	0.95
45.1869	0.95
45.194	0.95
45.2011	0.95
45.2082	0.95
45.2153	0.95
45.2224	0.95
45.2295	0.95
45.2366	0.95
45.2437	0.95
45.2508	0.95
45.2579	0.95
45.265	0.95
45.2721	0.95
45.2792	0.95
45.2863	0.95
45.2934	0.95
45.3005	0.95
45.3076	0.95
45.3147	0.95
45.3218	0.95
45.3289	0.95
45.336	0.95
45.3431	0.95
45.3502	0.95
45.3573	0.95
45.3644	0.95
45.3715	0.95
45.3786	0.95
45.3857	0.95
45.3928	0.95
45.3999	0.95
45.407	0.95
45.4141	0.95
45.4212	0.95
45.4283	0.95
45.4354	0.95
45.4425	0.95
45.4496	0.95
45.4567	0.95
45.4638	0.95
45.4709	0.95
45.478	0.95
45.4851	0.95
45.4922	0.95
45.4993	0.95
45.5064	0.95
45.5135	0.95
45.5206	0.95
45.5277	0.95
45.5348	0.95
45.5419	0.95
45.549	0.95
45.5561	0.95
45.5632	0.95
45.5703	0.95
45.5774	0.95
45.5845	0.95
45.5916	0.95
45.5987	0.95
45.6058	0.95
45.6129	0.95
45.62	0.95
45.6271	0.95
45.6342	0.95
45.6413	0.95
45.6484	0.95
45.6555	0.95
45.6626	0.95
45.6697	0.95
45.6768	0.95
45.6839	0.95
45.691	0.95
45.6981	0.95
45.7052	0.95
45.7123	0.95
45.7194	0.95
45.7265	0.95
45.7336	0.95
45.7407	0.95
45.7478	0.95
45.7549	0.95
45.762	0.95
45.7691	0.95
45.7762	0.95
45.7833	0.95
45.7904	0.95
45.7975	0.95
45.8046	0.95
45.8117	0.95
45.8188	0.95
45.8259	0.95
45.833	0.95
45.8401	0.95
45.8472	0.95
45.8543	0.95
45.8614	0.95
45.8685	0.95
45.8756	0.95
45.8827	0.95
45.8898	0.95
45.8969	0.95
45.904	0.95
45.9111	0.95
45.9182	0.95
45.9253	0.95
45.9324	0.95
45.9395	0.95
45.9466	0.95
45.9537	0.95
45.9608	0.95
45.9679	0.95
45.975	0.95
45.9821	0.95
45.9892	0.95
45.9963	0.95
46.0034	0.95
46.0105	0.95
46.0176	0.95
46.0247	0.95
46.0318	0.95
46.0389	0.95
46.046	0.95
46.0531	0.95
46.0602	0.95
46.0673	0.95
46.0744	0.95
46.0815	0.95
46.0886	0.95
46.0957	0.95
46.1028	0.95
46.1099	0.95
46.117	0.95
46.1241	0.95
46.1312	0.95
46.1383	0.95
46.1454	0.95
46.1525	0.95
46.1596	0.95
46.1667	0.95
46.1738	0.95
46.1809	0.95
46.188	0.95
46.1951	0.95
46.2022	0.95
46.2093	0.95
46.2164	0.95
46.2235	0.95
46.2306	0.95
46.2377	0.95
46.2448	0.95
46.2519	0.95
46.259	0.95
46.2661	0.95
46.2732	0.95
46.2803	0.95
46.2874	0.95
46.2945	0.95
46.3016	0.95
46.3087	0.95
46.3158	0.95
46.3229	0.95
46.33	0.95
46.3371	0.95
46.3442	0.95
46.3513	0.95
46.3584	0.95
46.3655	0.95
46.3726	0.95
46.3797	0.95
46.3868	0.95
46.3939	0.95
46.401	0.95
46.4081	0.95
46.4152	0.95
46.4223	0.95
46.4294	0.95
46.4365	0.95
46.4436	0.95
46.4507	0.95
46.4578	0.95
46.4649	0.95
46.472	0.95
46.4791	0.95
46.4862	0.95
46.4933	0.95
46.5004	0.95
46.5075	0.95
46.5146	0.95
46.5217	0.95
46.5288	0.95
46.5359	0.95
46.543	0.95
46.5501	0.95
46.5572	0.95
46.5643	0.95
46.5714	0.95
46.5785	0.95
46.5856	0.95
46.5927	0.95
46.5998	0.95
46.6069	0.95
46.614	0.95
46.6211	0.95
46.6282	0.95
46.6353	0.95
46.6424	0.95
46.6495	0.95
46.6566	0.95
46.6637	0.95
46.6708	0.95
46.6779	0.95
46.685	0.95
46.6921	0.95
46.6992	0.95
46.7063	0.95
46.7134	0.95
46.7205	0.95
46.7276	0.95
46.7347	0.95
46.7418	0.95
46.7489	0.95
46.756	0.95
46.7631	0.95
46.7702	0.95
46.7773	0.95
46.7844	0.95
46.7915	0.95
46.7986	0.95
46.8057	0.95
46.8128	0.95
46.8199	0.95
46.827	0.95
46.8341	0.95
46.8412	0.95
46.8483	0.95
46.8554	0.95
46.8625	0.95
46.8696	0.95
46.8767	0.95
46.8838	0.95
46.8909	0.95
46.898	0.95
46.9051	0.95
46.9122	0.95
46.9193	0.95
46.9264	0.95
46.9335	0.95
46.9406	0.95
46.9477	0.95
46.9548	0.95
46.9619	0.95
46.969	0.95
46.9761	0.95
46.9832	0.95
46.9903	0.95
46.9974	0.95
47.0045	0.95
47.0116	0.95
47.0187	0.95
47.0258	0.95
47.0329	0.95
47.04	0.95
47.0471	0.95
47.0542	0.95
47.0613	0.95
47.0684	0.95
47.0755	0.95
47.0826	0.95
47.0897	0.95
47.0968	0.95
47.1039	0.95
47.111	0.95
47.1181	0.95
47.1252	0.95
47.1323	0.95
47.1394	0.95
47.1465	0.95
47.1536	0.95
47.1607	0.95
47.1678	0.95
47.1749	0.95
47.182	0.95
47.1891	0.95
47.1962	0.95
47.2033	0.95
47.2104	0.95
47.2175	0.95
47.2246	0.95
47.2317	0.95
47.2388	0.95
47.2459	0.95
47.253	0.95
47.2601	0.95
47.2672	0.95
47.2743	0.95
47.2814	0.95
47.2885	0.95
47.2956	0.95
47.3027	0.95
47.3098	0.95
47.3169	0.95
47.324	0.95
47.3311	0.95
47.3382	0.95
47.3453	0.95
47.3524	0.95
47.3595	0.95
47.3666	0.95
47.3737	0.95
47.3808	0.95
47.3879	0.95
47.395	0.95
47.4021	0.95
47.4092	0.95
47.4163	0.95
47.4234	0.95
47.4305	0.95
47.4376	0.95
47.4447	0.95
47.4518	0.95
47.4589	0.95
47.466	0.95
47.4731	0.95
47.4802	0.95
47.4873	0.95
47.4944	0.95
47.5015	0.95
47.5086	0.95
47.5157	0.95
47.5228	0.95
47.5299	0.95
47.537	0.95
47.5441	0.95
47.5512	0.95
47.5583	0.95
47.5654	0.95
47.5725	0.95
47.5796	0.95
47.5867	0.95
47.5938	0.95
47.6009	0.95
47.608	0.95
47.6151	0.95
47.6222	0.95
47.6293	0.95
47.6364	0.95
47.6435	0.95
47.6506	0.95
47.6577	0.95
47.6648	0.95
47.6719	0.95
47.679	0.95
47.6861	0.95
47.6932	0.95
47.7003	0.95
47.7074	0.95
47.7145	0.95
47.7216	0.95
47.7287	0.95
47.7358	0.95
47.7429	0.95
47.75	0.95
47.7571	0.95
47.7642	0.95
47.7713	0.95
47.7784	0.95
47.7855	0.95
47.7926	0.95
47.7997	0.95
47.8068	0.95
47.8139	0.95
47.821	0.95
47.8281	0.95
47.8352	0.95
47.8423	0.95
47.8494	0.95
47.8565	0.95
47.8636	0.95
47.8707	0.95
47.8778	0.95
47.8849	0.95
47.892	0.95
47.8991	0.95
47.9062	0.95
47.9133	0.95
47.9204	0.95
47.9275	0.95
47.9346	0.95
47.9417	0.95
47.9488	0.95
47.9559	0.95
47.963	0.95
47.9701	0.95
47.9772	0.95
47.9843	0.95
47.9914	0.95
47.9985	0.95
48.0056	0.95
48.0127	0.95
48.0198	0.95
48.0269	0.95
48.034	0.95
48.0411	0.95
48.0482	0.95
48.0553	0.95
48.0624	0.95
48.0695	0.95
48.0766	0.95
48.0837	0.95
48.0908	0.95
48.0979	0.95
48.105	0.95
48.1121	0.95
48.1192	0.95
48.1263	0.95
48.1334	0.95
48.1405	0.95
48.1476	0.95
48.1547	0.95
48.1618	0.95
48.1689	0.95
48.176	0.95
48.1831	0.95
48.1902	0.95
48.1973	0.95
48.2044	0.95
48.2115	0.95
48.2186	0.95
48.2257	0.95
48.2328	0.95
48.2399	0.95
48.247	0.95
48.2541	0.95
48.2612	0.95
48.2683	0.95
48.2754	0.95
48.2825	0.95
48.2896	0.95
48.2967	0.95
48.3038	0.95
48.3109	0.95
48.318	0.95
48.3251	0.95
48.3322	0.95
48.3393	0.95
48.3464	0.95
48.3535	0.95
48.3606	0.95
48.3677	0.95
48.3748	0.95
48.3819	0.95
48.389	0.95
48.3961	0.95
48.4032	0.95
48.4103	0.95
48.4174	0.95
48.4245	0.95
48.4316	0.95
48.4387	0.95
48.4458	0.95
48.4529	0.95
48.46	0.95
48.4671	0.95
48.4742	0.95
48.4813	0.95
48.4884	0.95
48.4955	0.95
48.5026	0.95
48.5097	0.95
48.5168	0.95
48.5239	0.95
48.531	0.95
48.5381	0.95
48.5452	0.95
48.5523	0.95
48.5594	0.95
48.5665	0.95
48.5736	0.95
48.5807	0.95
48.5878	0.95
48.5949	0.95
48.602	0.95
48.6091	0.95
48.6162	0.95
48.6233	0.95
48.6304	0.95
48.6375	0.95
48.6446	0.95
48.6517	0.95
48.6588	0.95
48.6659	0.95
48.673	0.95
48.6801	0.95
48.6872	0.95
48.6943	0.95
48.7014	0.95
48.7085	0.95
48.7156	0.95
48.7227	0.95
48.7298	0.95
48.7369	0.95
48.744	0.95
48.7511	0.95
48.7582	0.95
48.7653	0.95
48.7724	0.95
48.7795	0.95
48.7866	0.95
48.7937	0.95
48.8008	0.95
48.8079	0.95
48.815	0.95
48.8221	0.95
48.8292	0.95
48.8363	0.95
48.8434	0.95
48.8505	0.95
48.8576	0.95
48.8647	0.95
48.8718	0.95
48.8789	0.95
48.886	0.95
48.8931	0.95
48.9002	0.95
48.9073	0.95
48.9144	0.95
48.9215	0.95
48.9286	0.95
48.9357	0.95
48.9428	0.95
48.9499	0.95
48.957	0.95
48.9641	0.95
48.9712	0.95
48.9783	0.95
48.9854	0.95
48.9925	0.95
48.9996	0.95
49.0067	0.95
49.0138	0.95
49.0209	0.95
49.028	0.95
49.0351	0.95
49.0422	0.95
49.0493	0.95
49.0564	0.95
49.0635	0.95
49.0706	0.95
49.0777	0.95
49.0848	0.95
49.0919	0.95
49.099	0.95
49.1061	0.95
49.1132	0.95
49.1203	0.95
49.1274	0.95
49.1345	0.95
49.1416	0.95
49.1487	0.95
49.1558	0.95
49.1629	0.95
49.17	0.95
49.1771	0.95
49.1842	0.95
49.1913	0.95
49.1984	0.95
49.2055	0.95
49.2126	0.95
49.2197	0.95
49.2268	0.95
49.2339	0.95
49.241	0.95
49.2481	0.95
49.2552	0.95
49.2623	0.95
49.2694	0.95
49.2765	0.95
49.2836	0.95
49.2907	0.95
49.2978	0.95
49.3049	0.95
49.312	0.95
49.3191	0.95
49.3262	0.95
49.3333	0.95
49.3404	0.95
49.3475	0.95
49.3546	0.95
49.3617	0.95
49.3688	0.95
49.3759	0.95
49.383	0.95
49.3901	0.95
49.3972	0.95
49.4043	0.95
49.4114	0.95
49.4185	0.95
49.4256	0.95
49.4327	0.95
49.4398	0.95
49.4469	0.95
49.454	0.95
49.4611	0.95
49.4682	0.95
49.4753	0.95
49.4824	0.95
49.4895	0.95
49.4966	0.95
49.5037	0.95
49.5108	0.95
49.5179	0.95
49.525	0.95
49.5321	0.95
49.5392	0.95
49.5463	0.95
49.5534	0.95
49.5605	0.95
49.5676	0.95
49.5747	0.95
49.5818	0.95
49.5889	0.95
49.596	0.95
49.6031	0.95
49.6102	0.95
49.6173	0.95
49.6244	0.95
49.6315	0.95
49.6386	0.95
49.6457	0.95
49.6528	0.95
49.6599	0.95
49.667	0.95
49.6741	0.95
49.6812	0.95
49.6883	0.95
49.6954	0.95
49.7025	0.95
49.7096	0.95
49.7167	0.95
49.7238	0.95
49.7309	0.95
49.738	0.95
49.7451	0.95
49.7522	0.95
49.7593	0.95
49.7664	0.95
49.7735	0.95
49.7806	0.95
49.7877	0.95
49.7948	0.95
49.8019	0.95
49.809	0.95
49.8161	0.95
49.8232	0.95
49.8303	0.95
49.8374	0.95
49.8445	0.95
49.8516	0.95
49.8587	0.95
49.8658	0.95
49.8729	0.95
49.88	0.95
49.8871	0.95
49.8942	0.95
49.9013	0.95
49.9084	0.95
49.9155	0.95
49.9226	0.95
49.9297	0.95
49.9368	0.95
49.9439	0.95
49.951	0.95
49.9581	0.95
49.9652	0.95
49.9723	0.95
49.9794	0.95
49.9865	0.95
49.9936	0.95
